run_name,model,dataset,version,seed,mode,protocol_variant,quality_tier,metric_definition_version,freq_rmse,freq_mae,freq_normalized_gini,freq_horizon_abs_bias_pct,bias_pct,freq_weekly_mae,freq_weekly_total_true,freq_weekly_total_pred,freq_valendin_mape,freq_horizon_bias_pct,freq_weekly_mean_pct_mape,freq_weekly_mean_pct_bias_pct,freq_weekly_bias_pct,freq_weekly_mape,freq_mape,freq_mase,spend_mae_raw,spend_rmse_raw,spend_normalized_gini,spend_mae_log,spend_rmse_log,spend_r2_log,spend_bias_pct,spend_weekly_mae,spend_weekly_total_true,spend_weekly_total_pred,spend_valendin_mape,spend_horizon_abs_bias_pct,spend_horizon_bias_pct,spend_weekly_mean_pct_mape,spend_weekly_mean_pct_bias_pct,spend_weekly_bias_pct,spend_weekly_mape,spend_mase,clv_mae,clv_rmse,clv_spearman,clv_decile_lift,clv_normalized_gini,clv_total_true,clv_total_pred,protocol_name,cohort_size,calibration_weeks,holdout_weeks,inference_mode,n_scenarios,freq_mase_scale,smearing_factor,spend_mase_scale,calibration_temperature_source,smearing_source,calibration_source,training_batch_size_config,training_batch_size_resolved,validation_batch_size_config,validation_batch_size_resolved,inference_batch_size_config,inference_batch_size_resolved,run_valid,run_invalid_reason,run_warning,epochs_completed,max_epochs_configured
pareto_nbd_cdnow,pareto_nbd,cdnow,,,,strict,A,valendin_aggregate_mape_v1,1.227367877960205,0.5639693737030029,0.7164898653703912,5.340272367671893,5.340273809872636,80.77821411432608,12798.0,13481.448057614649,16.41063890430128,5.340272367671893,16.785845168381126,8.19046036153627,5.340272367671893,16.41063890430128,16.41063890430128,1.0508805469633673,20.41753387451172,56.59851837158203,0.7387677514400722,1.0216645002365112,1.7437242269515991,-0.022832751274108887,1.3288060864574907,3231.892961451195,477773.8293311596,484122.49972895044,17.58765588214918,1.3288024600841815,1.3288024600841815,17.42227697242552,5.297564748198948,1.3288024600841883,17.58765588214918,0.9904685819722332,19.975358963012695,55.334083557128906,0.4907357038849247,5.649719691372049,0.7386889482930552,467470.65625,473643.1875,cdnow_52x26,23502,52,26,benchmark_expected_total,0,,,,,,,,,,,,,,,,,
lstm_base_cdnow_final_hpo_seed2024_sample,lstm_base,cdnow,final_hpo,2024.0,sample,strict,A,valendin_aggregate_mape_v1,1.285156011581421,0.5714080929756165,0.6604833782092564,29.851796813216048,-29.851794164615562,156.1525524922002,12798.0,8977.56704384461,31.723444013105212,-29.851796813216048,29.982272172106633,-27.763448998848784,-29.851796813216048,31.723444013105212,31.723444013105212,0.3939644278748968,,,,,,,,,,,,,,,,,,,,,,,,,,cdnow_master_52x26,23502,52,26,sample,30,0.08399618889339414,,,config,,none,256,256.0,full,2350.0,256,256.0,True,,,15.0,150.0
lstm_base_cdnow_final_hpo_seed42_sample,lstm_base,cdnow,final_hpo,42.0,sample,strict,A,valendin_aggregate_mape_v1,1.3577030897140503,0.6222534775733948,0.6797085667247684,0.7381402928883405,0.738137184521019,117.13333454298285,12798.0,12892.46719468385,23.796426770726317,0.7381402928883405,24.844571871168615,2.594115335575599,0.7381402928883405,23.796426770726317,23.796426770726317,0.46700792637861027,,,,,,,,,,,,,,,,,,,,,,,,,,cdnow_master_52x26,23502,52,26,sample,30,0.08399618889339414,,,config,,none,256,256.0,full,2350.0,256,256.0,True,,,16.0,150.0
lstm_base_cdnow_final_hpo_seed7_sample,lstm_base,cdnow,final_hpo,7.0,sample,strict,A,valendin_aggregate_mape_v1,1.3295665979385376,0.6327206492424011,0.6737339411675928,11.965936541837916,11.965942859724175,92.02308443002403,12798.0,14329.400558624417,18.69511013580735,11.965936541837916,20.494757353553034,14.355740070064163,11.965936541837916,18.69511013580735,18.69511013580735,0.48557809801057583,,,,,,,,,,,,,,,,,,,,,,,,,,cdnow_master_52x26,23502,52,26,sample,30,0.08399618889339414,,,config,,none,256,256.0,full,2350.0,256,256.0,True,,,20.0,150.0
lstm_base_cdnow_final_seed42_sample,lstm_base,cdnow,final,42.0,sample,strict,A,valendin_aggregate_mape_v1,1.3759064674377441,0.5622373223304749,0.6460866114462221,30.035158800018554,-30.035157165670416,168.25768246831228,12798.0,8954.100376773626,34.18268279556274,-30.035158800018554,32.751200101938544,-27.716618322676588,-30.035158800018554,34.18268279556274,34.18268279556274,0.3959764019189517,,,,,,,,,,,,,,,,,,,,,,,,,,cdnow_master_52x26,23502,52,26,sample,30,0.08399618889339414,,,config,,none,256,256.0,full,2350.0,256,256.0,True,,,29.0,150.0
lstm_joint_cdnow_final_hpo_seed2024_sample,lstm_joint,cdnow,final_hpo,2024.0,sample,strict,A,valendin_aggregate_mape_v1,2.211301565170288,0.9610776305198669,0.6484069182275404,4.66415172594736,4.664150297907383,99.5282073030487,20644.0,21606.867482304573,18.802558054732124,4.66415172594736,20.289377171251093,9.007458826747264,4.66415172594736,18.802558054732124,18.802558054732124,0.43938890674984393,36.755653381347656,102.96080017089844,0.6887433294933938,2.065779685974121,2.353485345840454,-0.4365907907485962,1.4328347150103675,4403.48144482093,779412.1193928575,790579.7296642596,22.034014108196587,1.4328248167479538,1.4328248167479538,22.74359828204592,7.682095792876607,1.4328248167479258,22.034014108196587,0.7733717354178996,35.54469680786133,99.56607055664062,0.4115732514047956,5.000149181379455,0.6889395036707066,755029.6875,763868.125,valendin_cdnow_master_39x39,23570,39,39,sample,30,0.0974242458075609,1.2803968168972124,2.0542783084545917,config,validation_teacher_forced,none,256,256.0,full,2357.0,256,256.0,True,,,61.0,150.0
lstm_joint_cdnow_final_hpo_seed42_sample,lstm_joint,cdnow,final_hpo,42.0,sample,strict,A,valendin_aggregate_mape_v1,2.1312334537506104,0.8955975770950317,0.6430708285609724,14.658816105663933,-14.658825657576052,109.87776832693281,20644.0,17617.834003146738,20.757764797279496,-14.658816105663933,19.49906932494718,-11.620271414545897,-14.658816105663933,20.757764797279496,20.757764797279496,0.40004896208279656,33.536800384521484,100.204345703125,0.6896826651324403,1.838636875152588,2.1474132537841797,-0.1960279941558838,-21.265923660091893,5280.151436402669,779412.1193928575,613662.9312037847,26.420670258516793,21.26592390148967,-21.26592390148967,23.760677628112504,-16.698076679164398,-21.265923901489643,26.420670258516793,0.6892745624180334,32.448204040527344,96.92041015625,0.407307020806442,4.997905996224113,0.6899229899590678,755029.6875,593564.5,valendin_cdnow_master_39x39,23570,39,39,sample,30,0.0974242458075609,1.2838369620721748,2.0542783084545917,config,validation_teacher_forced,none,256,256.0,full,2357.0,256,256.0,True,,,62.0,150.0
lstm_joint_cdnow_final_hpo_seed7_sample,lstm_joint,cdnow,final_hpo,7.0,sample,strict,A,valendin_aggregate_mape_v1,2.2817749977111816,0.9067020416259766,0.6188948086004052,28.539847271133272,-28.53985457336272,154.4299018811912,20644.0,14752.233929347247,29.17441471307139,-28.539847271133272,27.34851527896751,-26.480325824667545,-28.539847271133272,29.17441471307139,29.17441471307139,0.3736377166521871,34.09642028808594,103.65547180175781,0.6706224135618051,2.0128581523895264,2.2457754611968994,-0.30810534954071045,-28.526091058693755,5855.264831893913,779412.1193928575,557076.3323749608,29.298406165629764,28.52608799451191,-28.52608799451191,26.05895770539418,-24.99412529231097,-28.52608799451191,29.298406165629764,0.6654091480855316,32.996456146240234,100.25935363769531,0.3828409115773116,4.883854820163259,0.6709282636182008,755029.6875,539510.125,valendin_cdnow_master_39x39,23570,39,39,sample,30,0.0974242458075609,1.2675715230194295,2.0542783084545917,config,validation_teacher_forced,none,256,256.0,full,2357.0,256,256.0,True,,,58.0,150.0
lstm_joint_cdnow_final_seed42_sample,lstm_joint,cdnow,final,42.0,sample,strict,A,valendin_aggregate_mape_v1,2.0755107402801514,0.9040531516075134,0.6416738376777199,20.09590839073163,-20.095900291852352,113.61537292045661,20644.0,16495.400671817362,21.4638613829578,-20.09590839073163,19.643616621243403,-17.828407364625303,-20.09590839073163,21.4638613829578,21.4638613829578,0.3885242380923503,33.568965911865234,94.56627655029297,0.6859777001401166,2.0065951347351074,2.2481229305267334,-0.3108416795730591,-25.357885919467833,5270.393063603304,779412.1193928575,581769.7052176406,26.37184159269213,25.357883109281826,-25.357883109281826,23.22639401717086,-21.861905077168707,-25.357883109281822,26.37184159269213,0.670484492378598,32.495201110839844,91.51546478271484,0.4106928162080992,5.040411468621181,0.6862475557573794,755029.6875,563498.9375,valendin_cdnow_master_39x39,23570,39,39,sample,30,0.0974242458075609,1.267629999767555,2.0542783084545917,config,validation_teacher_forced,none,256,256.0,full,2357.0,256,256.0,True,,,63.0,150.0
transformer_joint_cdnow_final_hpo_seed2024_sample,transformer_joint,cdnow,final_hpo,2024.0,sample,strict,A,valendin_aggregate_mape_v1,2.1671645641326904,0.8285334706306458,0.6416641669741333,44.99547669752087,-44.995476704793155,264.72306774967376,20644.0,11355.133790563792,50.01065511643711,-44.99547669752087,50.09791525411909,-44.82289853840615,-44.99547669752087,50.01065511643711,50.01065511643711,0.33617296365848376,31.281085968017578,104.84408569335938,0.6799740188023391,1.608202338218689,1.9127506017684937,0.05108612775802612,-48.362656181413655,11080.410909076234,779412.1193928575,402467.7029398894,55.443842185902405,48.362657838397276,-48.362657838397276,55.30370624391006,-46.92740399355518,-48.36265783839728,55.443842185902405,0.5889438388089303,30.307580947875977,101.34441375732422,0.41473246098610644,4.97670927662507,0.6799270454782327,755029.6875,392798.53125,valendin_cdnow_master_39x39,23570,39,39,sample,30,0.0974242458075609,1.2416008311475017,2.0542783084545917,config,validation_teacher_forced,none,256,256.0,full,2357.0,256,256.0,True,,,83.0,150.0
transformer_joint_cdnow_final_hpo_seed42_sample,transformer_joint,cdnow,final_hpo,42.0,sample,strict,A,valendin_aggregate_mape_v1,2.047427177429199,0.8897199630737305,0.6408406546864692,16.0735935291986,-16.073601894012786,133.9341847675924,20644.0,17325.76735183224,25.302427852819726,-16.0735935291986,25.149011273095667,-14.490812960236745,-16.0735935291986,25.302427852819726,25.302427852819726,0.3946593680328664,33.080570220947266,96.2597885131836,0.6879417280578604,1.7964855432510376,2.079807758331299,-0.12190592288970947,-20.641470646867344,6164.636121451596,779412.1193928575,618529.9827247399,30.84642934778767,20.641472292404274,-20.641472292404274,29.814528692484625,-18.208737911837602,-20.641472292404263,30.84642934778767,0.6861495190024608,32.05071258544922,93.09355926513672,0.413555961463844,5.023823429742815,0.6879440138765046,755029.6875,601125.6875,valendin_cdnow_master_39x39,23570,39,39,sample,30,0.0974242458075609,1.2647092182792072,2.0542783084545917,config,validation_teacher_forced,none,256,256.0,full,2357.0,256,256.0,True,,,87.0,150.0
transformer_joint_cdnow_final_hpo_seed7_sample,transformer_joint,cdnow,final_hpo,7.0,sample,strict,A,valendin_aggregate_mape_v1,2.2994799613952637,0.8471135497093201,0.6496706090330646,40.56158131582172,-40.561583041682816,214.70597043174965,20644.0,12270.467153161764,40.56158131582172,-40.56158131582172,39.593061844729924,-39.593061844729924,-40.56158131582172,40.56158131582172,40.56158131582172,0.34543874830008875,31.424612045288086,105.80359649658203,0.6859919264529141,1.6514757871627808,1.9321967363357544,0.03169363737106323,-46.698589497821835,9332.67930077093,779412.1193928575,415437.62666279136,46.69859291046093,46.698592910460924,-46.698592910460924,45.01195302485087,-45.01195302485087,-46.69859291046093,46.69859291046093,0.5948294976053843,30.427505493164062,102.29949188232422,0.4142808749183313,5.013710462278898,0.6860375006065448,755029.6875,403538.0,valendin_cdnow_master_39x39,23570,39,39,sample,30,0.0974242458075609,1.265769477131932,2.0542783084545917,config,validation_teacher_forced,none,256,256.0,full,2357.0,256,256.0,True,,,78.0,150.0
transformer_joint_cdnow_final_seed42_sample,transformer_joint,cdnow,final,42.0,sample,strict,A,valendin_aggregate_mape_v1,2.047427177429199,0.8897199630737305,0.6408406546864692,16.0735935291986,-16.073601894012786,133.9341847675924,20644.0,17325.76735183224,25.302427852819726,-16.0735935291986,25.149011273095667,-14.490812960236745,-16.0735935291986,25.302427852819726,25.302427852819726,0.3946593680328664,33.080570220947266,96.2597885131836,0.6879417280578604,1.7964855432510376,2.079807758331299,-0.12190592288970947,-20.641470646867344,6164.636121451596,779412.1193928575,618529.9827247399,30.84642934778767,20.641472292404274,-20.641472292404274,29.814528692484625,-18.208737911837602,-20.641472292404263,30.84642934778767,0.6861495190024608,32.05071258544922,93.09355926513672,0.413555961463844,5.023823429742815,0.6879440138765046,755029.6875,601125.6875,valendin_cdnow_master_39x39,23570,39,39,sample,30,0.0974242458075609,1.2647092182792072,2.0542783084545917,config,validation_teacher_forced,none,256,256.0,full,2357.0,256,256.0,True,,,87.0,150.0
bgnbd_gg_cdnow,bgnbd_gg,cdnow,,,,strict,A,valendin_aggregate_mape_v1,1.2420098781585693,0.5800448060035706,0.7089514905010389,7.749258877512243,7.74925769651508,86.09279378219097,12798.0,13789.750151144017,17.490331601320246,7.749258877512243,18.195511311229406,10.676088264874421,7.749258877512237,17.490331601320246,17.490331601320246,1.0577635631508016,20.059139251708984,56.546852111816406,0.7400920169102434,0.9948548078536987,1.6945387125015259,0.03405582904815674,-0.8436261876533888,3062.8747524477794,477773.8293311596,473743.1802304417,16.667874771442325,0.8436312023118681,-0.8436312023118681,16.178994152691352,3.064425880512606,-0.8436312023118709,16.667874771442325,0.9720795970034293,19.62381935119629,55.28596496582031,0.4925872383489976,5.682549061650176,0.7400147293813922,467470.65625,463457.8125,cdnow_52x26,23502,52,26,benchmark_expected_total,0,,,,,,,,,,,,,,,,,
pareto_ggg_cdnow,pareto_ggg,cdnow,,,,strict,A,valendin_aggregate_mape_v1,1.4531415700912476,0.561089277267456,0.6739986242458007,73.95038253513177,6.366313034751523,364.0065368017755,12798.0,22262.169956846163,73.95038253513177,73.95038253513177,79.72119364834975,79.72119364834975,73.95038253513177,73.95038253513177,73.95038253513177,1.4011031328896961,,,,,,,,,,,,,,,,,,,,,,,,,,cdnow_52x26,23502,52,26,benchmark_expected_total,0,,,,,,,,,,,,,,,,,
pareto_nbd_dunnhumby,pareto_nbd,dunnhumby,,,,strict,A,valendin_aggregate_mape_v1,6.964311122894287,3.847224235534668,-0.12022170581442937,73.72207419500386,-73.72207435957505,2188.0711621077144,11872.0,3119.7153515691434,73.72207419500386,-73.72207419500386,73.71750230186382,-73.71750230186382,-73.72207419500386,73.72207419500386,73.72207419500386,1.2139975325591175,111.24744415283203,194.98196411132812,0.11045057144165712,1.8809969425201416,2.561251640319824,-0.49006128311157227,-71.24511074156844,61827.53538890603,347125.75980485417,99815.61824923006,71.24511349853609,71.24511349853609,-71.24511349853609,71.20204623556347,-71.20204623556347,-71.24511349853609,71.24511349853609,0.9600132797851263,110.95166015625,194.46617126464844,0.25579111174153696,2.1934042843269292,0.11044191181146758,346205.21875,99548.390625,dunnhumby_80x4,2498,80,4,benchmark_expected_total,0,,,,,,,,,,,,,,,,,
lstm_base_dunnhumby_final_hpo_seed2024_sample,lstm_base,dunnhumby,final_hpo,2024.0,sample,strict,A,valendin_aggregate_mape_v1,14.356705665588379,9.263278007507324,0.8741228603410662,12.049700770271903,12.049703942139564,344.56667066263884,62910.0,70490.46675457805,12.049700770271903,12.049700770271903,14.229864996294397,14.229864996294397,12.049700770271903,12.049700770271903,12.049700770271903,1.0746411441694754,,,,,,,,,,,,,,,,,,,,,,,,,,dunnhumby_configured_80x22,2498,80,22,sample,30,0.8235297098438245,,,config,,none,256,256.0,full,249.0,256,256.0,True,,,60.0,150.0
lstm_base_dunnhumby_final_hpo_seed42_sample,lstm_base,dunnhumby,final_hpo,42.0,sample,strict,A,valendin_aggregate_mape_v1,13.74763011932373,8.529997825622559,0.8746966362520662,0.37969567069371957,-0.37969668971546655,144.73030006360602,62910.0,62671.13345356658,5.061304405339902,-0.37969567069371957,6.460629103758151,1.274075340308078,-0.37969567069371957,5.061304405339902,5.061304405339902,1.0267806217823263,,,,,,,,,,,,,,,,,,,,,,,,,,dunnhumby_configured_80x22,2498,80,22,sample,30,0.8235297098438245,,,config,,none,256,256.0,full,249.0,256,256.0,True,,,66.0,150.0
lstm_base_dunnhumby_final_hpo_seed7_sample,lstm_base,dunnhumby,final_hpo,7.0,sample,strict,A,valendin_aggregate_mape_v1,13.894519805908203,8.563624382019043,0.8742610720366456,1.0575953455787834,-1.0575934370529327,154.94242023033175,62910.0,62244.66676809639,5.4184283024436475,-1.0575953455787834,6.761829460691062,0.5662156174996233,-1.0575953455787834,5.4184283024436475,5.4184283024436475,1.0263696435686522,,,,,,,,,,,,,,,,,,,,,,,,,,dunnhumby_configured_80x22,2498,80,22,sample,30,0.8235297098438245,,,config,,none,256,256.0,full,249.0,256,256.0,True,,,69.0,150.0
lstm_base_dunnhumby_final_seed42_sample,lstm_base,dunnhumby,final,42.0,sample,strict,A,valendin_aggregate_mape_v1,13.74763011932373,8.529997825622559,0.8746966362520662,0.37969567069371957,-0.37969668971546655,144.73030006360602,62910.0,62671.13345356658,5.061304405339902,-0.37969567069371957,6.460629103758151,1.274075340308078,-0.37969567069371957,5.061304405339902,5.061304405339902,1.0267806217823263,,,,,,,,,,,,,,,,,,,,,,,,,,dunnhumby_configured_80x22,2498,80,22,sample,30,0.8235297098438245,,,config,,none,256,256.0,full,249.0,256,256.0,True,,,66.0,150.0
lstm_joint_dunnhumby_final_hpo_seed2024_sample,lstm_joint,dunnhumby,final_hpo,2024.0,sample,strict,A,valendin_aggregate_mape_v1,14.044265747070312,8.920736312866211,0.8744819575145638,5.619562493491828,5.619560681926561,165.7515185587108,62910.0,66445.26676465571,5.796428879815034,5.619562493491828,7.7257150236069005,7.558519297289779,5.619562493491828,5.796428879815034,5.796428879815034,1.0538757081147603,305.88702392578125,482.8891906738281,0.8586780325191568,0.7520805597305298,1.2757792472839355,0.44779449701309204,6.196622850369833,6732.169323310919,1965992.2999520553,2087817.3011077559,7.533484496172854,6.196616393597853,6.196616393597853,9.530112751339962,8.362470777335517,6.196616393597874,7.533484496172854,1.126734730862068,299.72418212890625,473.270751953125,0.81886515035166,3.2818414209641755,0.859180229797737,1929812.75,2048412.75,dunnhumby_configured_80x22,2498,80,22,sample,30,0.8235297098438245,1.3767053701933682,27.51521755817735,config,validation_teacher_forced,none,256,256.0,full,249.0,256,256.0,True,,,150.0,150.0
lstm_joint_dunnhumby_final_hpo_seed42_sample,lstm_joint,dunnhumby,final_hpo,42.0,sample,strict,A,valendin_aggregate_mape_v1,14.037367820739746,8.696304321289062,0.8713181584819661,2.0064114634154273,2.006412931171515,129.3378768749535,62910.0,64172.233451634645,4.523022240103286,2.0064114634154273,6.2042581548181905,3.801471791464727,2.0064114634154273,4.523022240103286,4.523022240103286,1.0438995485295026,297.0937194824219,455.4860534667969,0.8567800671314812,0.7533889412879944,1.2679436206817627,0.45455676317214966,-0.8281187273245864,5931.3498782653,1965992.2999520553,1949711.482629901,6.6373452899596215,0.8281221306182804,-0.8281221306182804,8.099753896561229,1.1605035940641761,-0.8281221306182606,6.6373452899596215,1.1109539364487135,291.1251525878906,446.33551025390625,0.8197044277930784,3.2676526887440778,0.8572648487526157,1929812.75,1913118.75,dunnhumby_configured_80x22,2498,80,22,sample,30,0.8235297098438245,1.3342687910197646,27.51521755817735,config,validation_teacher_forced,none,256,256.0,full,249.0,256,256.0,True,,,150.0,150.0
lstm_joint_dunnhumby_final_hpo_seed7_sample,lstm_joint,dunnhumby,final_hpo,7.0,sample,strict,A,valendin_aggregate_mape_v1,13.994372367858887,8.687216758728027,0.8742306838355697,0.6542678285248612,-0.6542704856143697,143.32726948335767,62910.0,62498.40010907501,5.012239594077045,-0.6542678285248612,6.411255423610538,0.96383959136092,-0.6542678285248612,5.012239594077045,5.012239594077045,1.0407347241453255,292.26885986328125,443.95263671875,0.8602297983680709,0.7486104965209961,1.2685353755950928,0.45404762029647827,0.9803510161344736,5077.207202943606,1965992.2999520553,1985265.8934022645,5.6815359077186285,0.9803493864487237,0.9803493864487237,7.179538573115418,2.9670996433521846,0.9803493864487453,5.6815359077186285,1.1126152848944468,286.3636779785156,435.01458740234375,0.8240744872795703,3.279097798106051,0.8607600773393441,1929812.75,1948039.125,dunnhumby_configured_80x22,2498,80,22,sample,30,0.8235297098438245,1.369468479449067,27.51521755817735,config,validation_teacher_forced,none,256,256.0,full,249.0,256,256.0,True,,,150.0,150.0
lstm_joint_dunnhumby_final_seed42_sample,lstm_joint,dunnhumby,final,42.0,sample,strict,A,valendin_aggregate_mape_v1,14.331914901733398,9.024953842163086,0.8711213551568615,4.249351087035624,4.249349268796694,149.84242647124285,62910.0,65583.26676885411,5.240078496848423,4.249351087035624,7.097700884490023,6.151314269710773,4.249351087035624,5.240078496848423,5.240078496848423,1.057290213256856,317.6991271972656,501.84613037109375,0.854988644766729,0.7747638821601868,1.3003785610198975,0.426294207572937,6.506021323329225,6867.446943738393,1965992.2999520553,2093900.1238942358,7.6848639115183275,6.50601856097299,6.50601856097299,9.790775059655429,8.75120081501533,6.506018560972997,7.6848639115183275,1.1500327984159275,311.23577880859375,491.69525146484375,0.8176344481977926,3.2709361171793248,0.8554842405368085,1929812.75,2054133.0,dunnhumby_configured_80x22,2498,80,22,sample,30,0.8235297098438245,1.437869369893832,27.51521755817735,config,validation_teacher_forced,none,256,256.0,full,249.0,256,256.0,True,,,150.0,150.0
transformer_joint_dunnhumby_final_hpo_seed2024_sample,transformer_joint,dunnhumby,final_hpo,2024.0,sample,strict,A,valendin_aggregate_mape_v1,14.494056701660156,8.811729431152344,0.870651951792694,2.540931662168881,2.5409314894293438,156.1742415365509,62910.0,64508.50010867044,5.461505823881926,2.540931662168881,6.996389896924536,4.230657817940471,2.540931662168881,5.461505823881926,5.461505823881926,1.0451972964320928,300.1323547363281,475.47760009765625,0.8605945377061859,0.7247859239578247,1.1853669881820679,0.5232888460159302,2.794021695660296,7925.484327189743,1965992.2999520553,2020922.5446533523,8.868837136464192,2.7940213551516253,2.7940213551516253,10.288974961185836,4.917333501752238,2.794021355151641,8.868837136464192,1.10570820457763,294.291748046875,466.28399658203125,0.8216602687604266,3.30275553910098,0.8609330213944709,1929812.75,1983467.125,dunnhumby_configured_80x22,2498,80,22,sample,30,0.8235297098438245,1.435517318906933,27.51521755817735,config,validation_teacher_forced,none,256,256.0,full,249.0,256,256.0,True,,,150.0,150.0
transformer_joint_dunnhumby_final_hpo_seed42_sample,transformer_joint,dunnhumby,final_hpo,42.0,sample,strict,A,valendin_aggregate_mape_v1,14.532862663269043,9.120857238769531,0.8712052454603217,9.47411660803741,9.47411232316007,281.4651553337886,62910.0,68870.16675811633,9.843003365670558,9.47411660803741,11.82721673375081,11.476652276777767,9.47411660803741,9.843003365670558,9.843003365670558,1.0738906297095232,302.4774475097656,471.7493591308594,0.8580002276385562,0.7341176867485046,1.2202703952789307,0.4948018193244934,3.839269966603378,7374.135541254673,1965992.2999520553,2041472.0885597935,8.251862528228576,3.839271832833676,3.839271832833676,10.102039575079047,5.934729980827869,3.8392718328336843,8.251862528228576,1.1192120167423227,296.46563720703125,462.4223327636719,0.8173375636629353,3.260233351271363,0.8583955502656727,1929812.75,2002807.625,dunnhumby_configured_80x22,2498,80,22,sample,30,0.8235297098438245,1.4339912937944705,27.51521755817735,config,validation_teacher_forced,none,256,256.0,full,249.0,256,256.0,True,,,150.0,150.0
transformer_joint_dunnhumby_final_hpo_seed7_sample,transformer_joint,dunnhumby,final_hpo,7.0,sample,strict,A,valendin_aggregate_mape_v1,14.193758010864258,8.835335731506348,0.8692046144086102,1.10072608796151,1.1007292163408042,124.04848339069973,62910.0,63602.466781936586,4.3380490138219585,1.10072608796151,5.584058286324655,2.4876601489959373,1.10072608796151,4.3380490138219585,4.3380490138219585,1.0445381110416456,316.214111328125,504.51690673828125,0.853057959884441,0.7399370074272156,1.2014473676681519,0.5102673172950745,2.016399098216181,8313.244215699307,1965992.2999520553,2005634.5411790104,9.3027512238906,2.016398600743342,2.016398600743342,10.581954765998741,3.915304254055411,2.0163986007433574,9.3027512238906,1.1135847951729754,310.1573791503906,494.87261962890625,0.8153319524705813,3.2584150334444444,0.8534067074631941,1929812.75,1968839.0,dunnhumby_configured_80x22,2498,80,22,sample,30,0.8235297098438245,1.502648017033171,27.51521755817735,config,validation_teacher_forced,none,256,256.0,full,249.0,256,256.0,True,,,150.0,150.0
transformer_joint_dunnhumby_final_seed42_sample,transformer_joint,dunnhumby,final,42.0,sample,strict,A,valendin_aggregate_mape_v1,13.921562194824219,8.652949333190918,0.8732961473446409,1.6948022461741892,1.694800856382133,164.73030280999163,62910.0,63976.20009306818,5.760716359592776,1.6948022461741892,7.2908226951165185,3.398613186927202,1.6948022461741892,5.760716359592776,5.760716359592776,1.0386326962167325,289.3623046875,450.412109375,0.8615751852826896,0.7242685556411743,1.204127311706543,0.508080005645752,0.08214681415961837,7479.894744623234,1965992.2999520553,1967607.3525899805,8.370210014847169,0.08214948949517885,0.08214948949517885,10.113382815583783,2.32577632378634,0.0821494894952055,8.370210014847169,1.0982522171984777,283.5909118652344,441.5291748046875,0.8214387487667313,3.260023801814044,0.861943058866136,1929812.75,1930488.5,dunnhumby_configured_80x22,2498,80,22,sample,30,0.8235297098438245,1.4181217933467822,27.51521755817735,config,validation_teacher_forced,none,256,256.0,full,249.0,256,256.0,True,,,150.0,150.0
bgnbd_gg_dunnhumby,bgnbd_gg,dunnhumby,,,,strict,A,valendin_aggregate_mape_v1,4.139822483062744,2.41641902923584,0.7884608894634645,1.3111684682020848,-1.3111700587516846,50.02911187466486,11872.0,11716.338079455049,1.6856169769091938,-1.3111684682020848,1.6744654743088752,-1.2921596009539773,-1.3111684682020885,1.6856169769091938,1.6856169769091938,0.9623487484774759,70.744873046875,109.2636947631836,0.7760177511391725,1.1186250448226929,1.6536636352539062,0.37885355949401855,-2.763497810231595,3058.6636241658343,347125.75980485417,337532.939657348,3.524559659168299,2.763499935268143,-2.763499935268143,3.3998707010589677,-2.604773922819106,-2.7634999352681513,3.524559659168299,0.8406124004969321,70.55828094482422,108.97396087646484,0.7305961145430244,3.305783866980568,0.7760169902517061,346205.21875,336624.375,dunnhumby_80x4,2498,80,4,benchmark_expected_total,0,,,,,,,,,,,,,,,,,
extension3_lstm_dynamic_dunnhumby_final_seed42_sample,extension3_lstm_dynamic,dunnhumby,final,42.0,sample,strict,A,valendin_aggregate_mape_v1,3.1371095180511475,1.9869495630264282,0.8555384775547249,1.8778075521493034,-1.8778099204009433,55.733328147791326,11872.0,11649.066687408835,1.8778075521493034,-1.8778075521493034,1.8683594897144222,-1.8683594897144222,-1.8778075521493034,1.8778075521493034,1.8778075521493034,0.9788818005688638,63.82402801513672,99.26788330078125,0.8320306472998449,1.083128571510315,1.5834369659423828,0.4304901957511902,-0.7395194680890138,753.2801673053618,347125.7604829216,344558.70728346455,0.8680198971777813,0.7395167664554128,-0.7395167664554128,0.8893457206857615,-0.7553412192802371,-0.7395167664554212,0.8680198971777813,0.9821569181084239,63.65394973754883,98.99928283691406,0.7955559630600012,3.418447863801214,0.8320314805760947,346205.21875,343647.875,dunnhumby_configured_80x4,2498,80,4,sample,30,0.8235297098438245,1.3795667624960208,27.51521755817735,config,validation_teacher_forced,none,256,256.0,full,249.0,256,256.0,True,,,150.0,150.0
extension3_lstm_full_dunnhumby_final_seed42_sample,extension3_lstm_full,dunnhumby,final,42.0,sample,strict,A,valendin_aggregate_mape_v1,3.1937263011932373,2.002962350845337,0.856037660271221,3.272686234450676,-3.2726853362954853,97.13332743849605,11872.0,11483.466690246016,3.272686234450676,-3.272686234450676,3.268882535339551,-3.268882535339551,-3.272686234450676,3.272686234450676,3.272686234450676,0.9766862356291994,63.2882194519043,98.83135986328125,0.8312280316112303,1.074998140335083,1.556961178779602,0.4493759274482727,-4.495777106711329,3901.506972085932,347125.7604829216,331519.73259457794,4.495785005017377,4.4957850050173604,-4.4957850050173604,4.524259069095072,-4.524259069095072,-4.495785005017377,4.495785005017377,0.9713463634710692,63.1202507019043,98.56441497802734,0.7963280056232441,3.390943690917717,0.8312354357362378,346205.21875,330647.0625,dunnhumby_configured_80x4,2498,80,4,sample,30,0.8235297098438245,1.3847215100662857,27.51521755817735,config,validation_teacher_forced,none,256,256.0,full,249.0,256,256.0,True,,,150.0,150.0
extension3_lstm_none_dunnhumby_final_seed42_sample,extension3_lstm_none,dunnhumby,final,42.0,sample,strict,A,valendin_aggregate_mape_v1,3.1383821964263916,1.987843632698059,0.8553723615671284,1.6781782249435582,-1.6781788951945753,49.808329716324806,11872.0,11672.7666811347,1.6781782249435582,-1.6781782249435582,1.6721391203383573,-1.6721391203383573,-1.6781782249435582,1.6781782249435582,1.6781782249435582,0.980603414859875,63.6199836730957,98.81351470947266,0.8301385074977922,1.0902918577194214,1.5968990325927734,0.42076534032821655,-1.1900136333879006,1032.713218774199,347125.7604829216,342994.90760782483,1.1900162262086083,1.190016226208604,-1.190016226208604,1.1985503011632517,-1.1985503011632517,-1.1900162262086083,1.1900162262086083,0.983422215036187,63.451385498046875,98.54669189453125,0.79352121477263,3.367124742599986,0.8301403510317417,346205.21875,342086.25,dunnhumby_configured_80x4,2498,80,4,sample,30,0.8235297098438245,1.3772072188904916,27.51521755817735,config,validation_teacher_forced,none,256,256.0,full,249.0,256,256.0,True,,,150.0,150.0
extension3_lstm_static_dunnhumby_final_seed42_sample,extension3_lstm_static,dunnhumby,final,42.0,sample,strict,A,valendin_aggregate_mape_v1,3.124852418899536,1.9771549701690674,0.8580328408803217,3.000336772959298,-3.0003385723761795,89.04999542143196,11872.0,11515.800018314272,3.000336772959298,-3.000336772959298,2.993060322746732,-2.993060322746732,-3.000336772959298,3.000336772959298,3.000336772959298,0.9750739932241959,62.93462371826172,99.04098510742188,0.834421160753477,1.0725003480911255,1.560828447341919,0.44663721323013306,-1.6383021858793245,1421.742766432737,347125.7604829216,341438.7894171907,1.6383028035197473,1.6383028035197347,-1.6383028035197347,1.6629970638903324,-1.6629970638903324,-1.6383028035197473,1.6383028035197473,0.9782632836955444,62.76553726196289,98.76811981201172,0.7993825094343532,3.4015533899842607,0.8344328759239648,346205.21875,340539.34375,dunnhumby_configured_80x4,2498,80,4,sample,30,0.8235297098438245,1.3773900220187143,27.51521755817735,config,validation_teacher_forced,none,256,256.0,full,249.0,256,256.0,True,,,150.0,150.0
extension3_transformer_dynamic_dunnhumby_final_seed42_sample,extension3_transformer_dynamic,dunnhumby,final,42.0,sample,strict,A,valendin_aggregate_mape_v1,3.2821695804595947,2.0219109058380127,0.8482839908429903,3.5046045288425995,-3.5046024785208894,104.01666241604835,11872.0,11455.933350335807,3.5046045288425995,-3.5046045288425995,3.477726001831327,-3.477726001831327,-3.5046045288425995,3.5046045288425995,3.5046045288425995,0.9862786678807324,64.77143096923828,101.60396575927734,0.825693869867502,1.0618377923965454,1.5620863437652588,0.4457448720932007,1.5294439407044853,4308.986237874669,347125.7604829216,352434.8488992981,4.965331563845915,1.5294423580060703,1.5294423580060703,4.938335376031826,1.7149864444199574,1.5294423580060452,4.965331563845915,0.9962629539083355,64.59839630126953,101.3282699584961,0.7878269668027744,3.386689811542459,0.8256879581224226,346205.21875,351475.46875,dunnhumby_configured_80x4,2498,80,4,sample,30,0.8235297098438245,1.3901829287503762,27.51521755817735,config,validation_teacher_forced,none,256,256.0,full,249.0,256,256.0,True,,,150.0,150.0
extension3_transformer_full_dunnhumby_final_seed42_sample,extension3_transformer_full,dunnhumby,final,42.0,sample,strict,A,valendin_aggregate_mape_v1,3.3081905841827393,2.034868001937866,0.8506574341316718,3.9990452108490517,-3.9990448244819747,118.69166185799986,11872.0,11397.233352568,3.9990452108490517,-3.9990452108490517,3.970228360196596,-3.970228360196596,-3.9990452108490517,3.9990452108490517,3.9990452108490517,0.9900905253934845,63.89833068847656,99.97722625732422,0.8273070091183463,1.0582581758499146,1.550220012664795,0.45413368940353394,-0.8463071379752151,3335.7047864192828,347125.7604829216,344188.0154982625,3.8437997592326747,0.8463056675978585,-0.8463056675978585,3.729686538816443,-0.6718043391863296,-0.8463056675978712,3.8437997592326747,0.986712671960556,63.72758102416992,99.7074966430664,0.7897159751304923,3.3994088219770595,0.8273020450743794,346205.21875,343248.0,dunnhumby_configured_80x4,2498,80,4,sample,30,0.8235297098438245,1.3876027315748551,27.51521755817735,config,validation_teacher_forced,none,256,256.0,full,249.0,256,256.0,True,,,150.0,150.0
extension3_transformer_none_dunnhumby_final_seed42_sample,extension3_transformer_none,dunnhumby,final,42.0,sample,strict,A,valendin_aggregate_mape_v1,3.3031580448150635,2.0231919288635254,0.8494903291994341,3.6590295458134676,-3.659032939900606,108.59999691974372,11872.0,11437.600012321025,3.6590295458134676,-3.6590295458134676,3.6345700048387433,-3.6345700048387433,-3.6590295458134676,3.6590295458134676,3.6590295458134676,0.9844152731961227,65.49485778808594,102.24288177490234,0.8259464059351467,1.0602452754974365,1.5627565383911133,0.44526922702789307,3.943212582183834,5951.844535758297,347125.7604829216,360813.66660725477,6.858430244391066,3.943212426899844,3.943212426899844,6.898231542095289,4.1633458474533045,3.9432124268998274,6.858430244391066,1.0029175124186096,65.31990814208984,101.96440887451172,0.788724768037736,3.39132198850127,0.8259546830103639,346205.21875,359827.75,dunnhumby_configured_80x4,2498,80,4,sample,30,0.8235297098438245,1.3987310643200785,27.51521755817735,config,validation_teacher_forced,none,256,256.0,full,249.0,256,256.0,True,,,150.0,150.0
extension3_transformer_static_dunnhumby_final_seed42_sample,extension3_transformer_static,dunnhumby,final,42.0,sample,strict,A,valendin_aggregate_mape_v1,3.243204116821289,1.9967039823532104,0.8537971813229343,3.509377688797055,-3.5093734206536387,104.1583298034966,11872.0,11455.366680786014,3.509377688797055,-3.509377688797055,3.482238129179474,-3.482238129179474,-3.509377688797055,3.509377688797055,3.509377688797055,0.9799957865758375,64.46849822998047,101.0845947265625,0.829851626459495,1.050899863243103,1.540283441543579,0.4611090421676636,1.8229704941220868,4627.0061889680765,347125.7604829216,353453.7511762249,5.331792353907681,1.8229677579963484,1.8229677579963484,5.304950031021746,2.0131774112234333,1.8229677579963441,5.331792353907681,0.9926845722335577,64.29554748535156,100.80992126464844,0.793481930279751,3.401493044133659,0.829862116043732,346205.21875,352488.8125,dunnhumby_configured_80x4,2498,80,4,sample,30,0.8235297098438245,1.3850642148692538,27.51521755817735,config,validation_teacher_forced,none,256,256.0,full,249.0,256,256.0,True,,,150.0,150.0
pareto_nbd_tafeng,pareto_nbd,tafeng,,,,strict,A,valendin_aggregate_mape_v1,1.2928977012634277,0.9239565134048462,0.6257877041331747,14.802477940999614,14.802479399707902,1011.8538166761398,30127.0,34586.542529284954,16.793139321474754,14.802477940999614,20.693858990647882,19.031415320250805,14.802477940999614,16.793139321474754,16.793139321474754,1.0777832916631536,946.5379028320312,3434.078125,0.5129454575429402,2.4843735694885254,3.9082982540130615,-0.22547614574432373,15.863384659038763,746007.4188965469,23513494.0,27243531.094482735,15.863389313739315,15.863389313739315,15.863389313739315,18.429250928214337,18.429250928214337,15.863389313739315,15.863389313739315,0.95220050916013,946.5379028320312,3434.078125,0.41400049885405826,3.1304902223247106,0.5129454575429402,23513494.0,27243530.0,tafeng_12x5,27809,12,5,benchmark_expected_total,0,,,,,,,,,,,,,,,,,
lstm_base_tafeng_final_hpo_seed2024_sample,lstm_base,tafeng,final_hpo,2024.0,sample,strict,A,valendin_aggregate_mape_v1,1.227455496788025,0.8611864447593689,0.6419755848241254,2.5863862833216587,2.586388196219338,583.1066421352327,30127.0,30906.200595576316,9.677476053626858,2.5863862833216587,11.860203837760027,5.695380103136986,2.5863862833216587,9.677476053626858,9.677476053626858,0.8396306353391612,,,,,,,,,,,,,,,,,,,,,,,,,,tafeng_configured_12x5,27809,12,5,sample,30,0.3518873876671712,,,config,,none,512,512.0,full,2780.0,512,512.0,True,,,20.0,150.0
lstm_base_tafeng_final_hpo_seed42_sample,lstm_base,tafeng,final_hpo,42.0,sample,strict,A,valendin_aggregate_mape_v1,1.2727144956588745,0.9168207049369812,0.6432419796119042,20.921655938807806,20.921653023035816,1260.6134569369256,30127.0,36430.06728468463,20.921655938807806,20.921655938807806,24.74507411510744,24.74507411510744,20.921655938807806,20.921655938807806,20.921655938807806,0.8930858548877073,,,,,,,,,,,,,,,,,,,,,,,,,,tafeng_configured_12x5,27809,12,5,sample,30,0.3518873876671712,,,config,,none,512,512.0,full,2780.0,512,512.0,True,,,15.0,150.0
lstm_base_tafeng_final_hpo_seed7_sample,lstm_base,tafeng,final_hpo,7.0,sample,strict,A,valendin_aggregate_mape_v1,1.3427820205688477,0.9307143092155457,0.6421543958636967,22.665717063925666,22.665715139243865,1365.700115969777,30127.0,36955.500579848886,22.665717063925666,22.665717063925666,26.02398475604437,26.02398475604437,22.665717063925666,22.665717063925666,22.665717063925666,0.8779037382190035,,,,,,,,,,,,,,,,,,,,,,,,,,tafeng_configured_12x5,27809,12,5,sample,30,0.3518873876671712,,,config,,none,512,512.0,full,2780.0,512,512.0,True,,,18.0,150.0
lstm_base_tafeng_final_seed42_sample,lstm_base,tafeng,final,42.0,sample,strict,A,valendin_aggregate_mape_v1,1.6445307731628418,1.1577211618423462,0.6423255571041949,65.89017824485019,65.89016652421415,3970.1467999652027,30127.0,49977.733999826014,65.89017824485019,65.89017824485019,70.34582322076004,70.34582322076004,65.89017824485019,65.89017824485019,65.89017824485019,1.0431793139992989,,,,,,,,,,,,,,,,,,,,,,,,,,tafeng_configured_12x5,27809,12,5,sample,30,0.3518873876671712,,,config,,none,512,512.0,full,2780.0,512,512.0,True,,,27.0,150.0
lstm_joint_tafeng_final_hpo_seed2024_sample,lstm_joint,tafeng,final_hpo,2024.0,sample,strict,A,valendin_aggregate_mape_v1,1.296795129776001,0.875584602355957,0.6309499097873076,2.361117560791994,2.361117882215289,685.5199769347906,30127.0,30838.333887539804,11.3771695976166,2.361117560791994,13.679240499792424,5.926577406154239,2.361117560791994,11.3771695976166,11.3771695976166,0.8280190582018105,986.6314697265625,3308.613525390625,0.5379120353774275,3.637017011642456,4.621878147125244,-0.7138252258300781,38.67763761523489,1818892.4021634068,23513493.88786887,32607955.898685906,38.67762933993007,38.67762933993008,38.67762933993008,41.74555084920136,41.74555084920136,38.67762933993007,38.67762933993007,1.0268557384006316,986.6314697265625,3308.613525390625,0.3891556801604888,3.2668049312659235,0.5379120353774275,23513494.0,32607958.0,tafeng_configured_12x5,27809,12,5,sample,30,0.3518873876671712,1.634479841667374,289.2988732420841,config,validation_teacher_forced,none,512,512.0,full,2780.0,512,512.0,True,,,82.0,150.0
lstm_joint_tafeng_final_hpo_seed42_sample,lstm_joint,tafeng,final_hpo,42.0,sample,strict,A,valendin_aggregate_mape_v1,1.282739520072937,0.8721948862075806,0.6327966973451163,1.3208547268193531,1.3208536985096424,747.8665976069867,30127.0,30524.933903548867,12.411899585205742,1.3208547268193531,15.019328353071176,4.996476637658385,1.3208547268193531,12.411899585205742,12.411899585205742,0.8353795061308663,981.5623779296875,3178.540771484375,0.5363176959108595,3.6177332401275635,4.587302207946777,-0.6882787942886353,38.75400227630993,1822484.1118351496,23513493.88786887,32625914.44704462,38.75400483922573,38.75400483922573,38.75400483922573,42.07630363866425,42.07630363866425,38.75400483922573,38.75400483922573,1.019441964274252,981.5623779296875,3178.540771484375,0.3922524442395876,3.2947466031321273,0.5363176959108595,23513494.0,32625914.0,tafeng_configured_12x5,27809,12,5,sample,30,0.3518873876671712,1.651785546028237,289.2988732420841,config,validation_teacher_forced,none,512,512.0,full,2780.0,512,512.0,True,,,77.0,150.0
lstm_joint_tafeng_final_hpo_seed7_sample,lstm_joint,tafeng,final_hpo,7.0,sample,strict,A,valendin_aggregate_mape_v1,1.322043776512146,0.884136974811554,0.6313308911358403,2.689173293494757,2.68916275268032,942.6599781855941,30127.0,30937.167238131166,15.644770109629139,2.689173293494757,18.699456779168482,7.518096422510487,2.689173293494757,15.644770109629139,15.644770109629139,0.8424681271277443,965.1767578125,3084.865234375,0.5267370607345776,3.6467232704162598,4.640287399291992,-0.7275047302246094,34.57459788834446,1625939.4202002897,23513493.88786887,31643190.98887032,34.57460273564763,34.57460273564763,34.57460273564763,38.936181194454385,38.936181194454385,34.57460273564763,34.57460273564763,1.0167125727353599,965.1767578125,3084.865234375,0.37269195839191316,3.2497770225278897,0.5267370607345776,23513494.0,31643190.0,tafeng_configured_12x5,27809,12,5,sample,30,0.3518873876671712,1.6360293765733924,289.2988732420841,config,validation_teacher_forced,none,512,512.0,full,2780.0,512,512.0,True,,,74.0,150.0
lstm_joint_tafeng_final_seed42_sample,lstm_joint,tafeng,final,42.0,sample,strict,A,valendin_aggregate_mape_v1,1.282739520072937,0.8721948862075806,0.6327966973451163,1.3208547268193531,1.3208536985096424,747.8665976069867,30127.0,30524.933903548867,12.411899585205742,1.3208547268193531,15.019328353071176,4.996476637658385,1.3208547268193531,12.411899585205742,12.411899585205742,0.8353795061308663,981.5623779296875,3178.540771484375,0.5363176959108595,3.6177332401275635,4.587302207946777,-0.6882787942886353,38.75400227630993,1822484.1118351496,23513493.88786887,32625914.44704462,38.75400483922573,38.75400483922573,38.75400483922573,42.07630363866425,42.07630363866425,38.75400483922573,38.75400483922573,1.019441964274252,981.5623779296875,3178.540771484375,0.3922524442395876,3.2947466031321273,0.5363176959108595,23513494.0,32625914.0,tafeng_configured_12x5,27809,12,5,sample,30,0.3518873876671712,1.651785546028237,289.2988732420841,config,validation_teacher_forced,none,512,512.0,full,2780.0,512,512.0,True,,,77.0,150.0
transformer_joint_tafeng_final_hpo_seed2024_sample,transformer_joint,tafeng,final_hpo,2024.0,sample,strict,A,valendin_aggregate_mape_v1,1.2721521854400635,0.8564397096633911,0.6262101962329145,10.109423819260275,-10.109423492631194,2226.919944319874,30127.0,27081.333885971457,36.95887317555472,-10.109423819260275,40.70846311805397,-1.5747736764921572,-10.109423819260275,36.95887317555472,36.95887317555472,0.8246099797795995,930.2626342773438,3335.349365234375,0.5527945671120948,3.584458351135254,4.546339511871338,-0.6582622528076172,23.280921159569054,2190220.3677058285,23513493.88786887,28987652.52030693,46.57369037010301,23.280923960272442,23.280923960272442,56.59483509411021,34.98868160372286,23.280923960272442,46.57369037010301,0.9954368104936786,930.2626342773438,3335.349365234375,0.3821649258979137,3.4227582266166667,0.5527945671120948,23513494.0,28987652.0,tafeng_configured_12x5,27809,12,5,sample,30,0.3518873876671712,1.6828416126816705,289.2988732420841,config,validation_teacher_forced,none,512,512.0,full,2780.0,512,512.0,True,,,80.0,150.0
transformer_joint_tafeng_final_hpo_seed42_sample,transformer_joint,tafeng,final_hpo,42.0,sample,strict,A,valendin_aggregate_mape_v1,1.2591416835784912,0.8549402356147766,0.6337009786814015,4.782751161406904,-4.782754308842566,491.28664367944003,30127.0,28686.100557602942,8.153593847370132,-4.782751161406904,8.316675114697265,-4.253248494185093,-4.782751161406904,8.153593847370132,8.153593847370132,0.8125617086476215,936.5477905273438,3212.598388671875,0.5531359255229708,3.585130453109741,4.539130687713623,-0.6530076265335083,28.554684386761064,1342840.606737035,23513493.88786887,30227696.921554044,28.554680413314422,28.554680413314415,28.554680413314415,28.14951581165027,28.14951581165027,28.554680413314422,28.554680413314422,0.972351705038085,936.5477905273438,3212.598388671875,0.40239529080659864,3.2881553069463387,0.5531359255229708,23513494.0,30227698.0,tafeng_configured_12x5,27809,12,5,sample,30,0.3518873876671712,1.6735050309550588,289.2988732420841,config,validation_teacher_forced,none,512,512.0,full,2780.0,512,512.0,True,,,84.0,150.0
transformer_joint_tafeng_final_hpo_seed7_sample,transformer_joint,tafeng,final_hpo,7.0,sample,strict,A,valendin_aggregate_mape_v1,1.2748692035675049,0.8951862454414368,0.6316748117738694,8.508538166313604,8.508537814916851,717.5000767678023,30127.0,32690.3672933653,11.907924399505463,8.508538166313604,13.757537555803347,10.637083288668334,8.508538166313604,11.907924399505463,11.907924399505463,0.8696576388601617,1053.5391845703125,3566.682861328125,0.556242200095397,3.7353203296661377,4.761922836303711,-0.8192576169967651,53.7748154315135,2528867.5129546053,23513493.88786887,36157831.4526419,53.77481383698795,53.77481383698795,53.77481383698795,55.15993131633765,55.15993131633765,53.77481383698795,53.77481383698795,1.0892484439007508,1053.5391845703125,3566.682861328125,0.39173828739011524,3.4478671625287576,0.556242200095397,23513494.0,36157832.0,tafeng_configured_12x5,27809,12,5,sample,30,0.3518873876671712,1.5753790726730164,289.2988732420841,config,validation_teacher_forced,none,512,512.0,full,2780.0,512,512.0,True,,,80.0,150.0
transformer_joint_tafeng_final_seed42_sample,transformer_joint,tafeng,final,42.0,sample,strict,A,valendin_aggregate_mape_v1,1.2513376474380493,0.8600272536277771,0.6268276462691439,3.565902449975812,-3.5659004485179406,573.246644128114,30127.0,29052.700568895787,9.513835498524811,-3.565902449975812,9.863567494398826,-2.688137894142633,-3.565902449975812,9.513835498524811,9.513835498524811,0.8187994227219547,1012.956787109375,3228.4248046875,0.5526144654823698,3.658867835998535,4.649660587310791,-0.7344908714294434,44.02419308674415,2070325.694170123,23513493.88786887,33865122.35871948,44.02420380491071,44.024203804910705,44.024203804910705,43.75644524982184,43.75644524982184,44.02420380491071,44.02420380491071,1.0408985361006509,1012.956787109375,3228.4248046875,0.38501456665750783,3.4340224167934466,0.5526144654823698,23513494.0,33865120.0,tafeng_configured_12x5,27809,12,5,sample,30,0.3518873876671712,1.7223793097394318,289.2988732420841,config,validation_teacher_forced,none,512,512.0,full,2780.0,512,512.0,True,,,120.0,150.0
bgnbd_gg_tafeng,bgnbd_gg,tafeng,,,,strict,A,valendin_aggregate_mape_v1,1.2972151041030884,0.9309380054473877,0.6215821573454967,16.100275200205942,16.100279649483852,1060.7699384003877,30127.0,34977.529909566045,17.604971261665412,16.100275200205942,21.646969012884494,20.390365319368502,16.100275200205942,17.604971261665412,17.604971261665412,1.0813729553640226,945.0034790039062,3442.340087890625,0.5143593953887255,2.4819915294647217,3.9014506340026855,-0.2211858034133911,15.811822777167869,743582.0597951293,23513494.0,27231404.298975646,15.81181554292036,15.81181554292036,15.81181554292036,18.378521244437145,18.378521244437145,15.81181554292036,15.81181554292036,0.9502693560409154,945.0034790039062,3442.340087890625,0.4158913458220816,3.1523645343471944,0.5143593953887255,23513494.0,27231406.0,tafeng_12x5,27809,12,5,benchmark_expected_total,0,,,,,,,,,,,,,,,,,
pareto_nbd_uci,pareto_nbd,uci,,,,strict,A,valendin_aggregate_mape_v1,3.4405646324157715,1.1898757219314575,0.6175047838885573,11.297189961938967,-11.297190267294663,65.77115459914654,8413.0,7462.567408502075,20.32628098868192,-11.297189961938967,17.99713178269138,-6.448035811998934,-11.29718996193897,20.32628098868192,20.32628098868192,0.9422778858583041,592.4722290039062,3633.831298828125,0.6483812290113717,2.0800349712371826,3.2349798679351807,0.07261210680007935,-26.713530186050647,51661.89351108664,4266929.678377748,3127081.9960761336,31.479525854265546,26.713533341730038,-26.713533341730038,28.027771812085415,-20.286170928064173,-26.71353334173005,31.479525854265546,0.8224464862160773,577.5640258789062,3540.861572265625,0.5917079754470163,5.404931567956774,0.6488475361545624,4160751.25,3059550.0,uci_78x26,4930,78,26,benchmark_expected_total,0,,,,,,,,,,,,,,,,,
lstm_base_uci_final_hpo_seed2024_sample,lstm_base,uci,final_hpo,2024.0,sample,strict,A,valendin_aggregate_mape_v1,3.8034451007843018,1.705950140953064,0.30328180702229846,29.069294666427076,-29.069292872637586,94.06152924178885,8413.0,5967.40023971349,29.069294666427076,-29.069294666427076,28.80880105725919,-28.80880105725919,-29.069294666427076,29.069294666427076,29.069294666427076,0.9161650086757779,,,,,,,,,,,,,,,,,,,,,,,,,,uci_configured_78x26,4930,78,26,sample,30,0.11463343958272965,,,config,,none,256,256.0,full,493.0,256,256.0,True,,,22.0,150.0
lstm_base_uci_final_hpo_seed42_sample,lstm_base,uci,final_hpo,42.0,sample,strict,A,valendin_aggregate_mape_v1,2.6689016819000244,1.2695740461349487,0.7152594535598197,1.1268244329855444,-1.1268135994888862,27.066665529631653,8413.0,8318.200260452926,8.364831852732948,-1.1268244329855444,8.459750709587201,-0.45093283466044,-1.1268244329855444,8.364831852732948,8.364831852732948,0.9500978860110676,,,,,,,,,,,,,,,,,,,,,,,,,,uci_configured_78x26,4930,78,26,sample,30,0.11463343958272965,,,config,,none,256,256.0,full,493.0,256,256.0,True,,,33.0,150.0
lstm_base_uci_final_hpo_seed7_sample,lstm_base,uci,final_hpo,7.0,sample,strict,A,valendin_aggregate_mape_v1,3.008845567703247,1.6967952251434326,0.26321408828188386,13.514002987535548,-13.514003393186142,48.20255660910446,8413.0,7276.066928658634,14.89678440314651,-13.514002987535548,14.637834454359796,-13.075253494856867,-13.514002987535548,14.89678440314651,14.89678440314651,0.9563862905056579,,,,,,,,,,,,,,,,,,,,,,,,,,uci_configured_78x26,4930,78,26,sample,30,0.11463343958272965,,,config,,none,256,256.0,full,493.0,256,256.0,True,,,22.0,150.0
lstm_base_uci_final_seed42_sample,lstm_base,uci,final,42.0,sample,strict,A,valendin_aggregate_mape_v1,2.562347888946533,1.2980865240097046,0.7020507800116407,6.061653952399559,6.061652167776061,31.962824911595536,8413.0,8922.966947015375,9.877967998353547,6.061653952399559,10.139729583533704,6.287269419255942,6.061653952399559,9.877967998353547,9.877967998353547,0.9878033523203988,,,,,,,,,,,,,,,,,,,,,,,,,,uci_configured_78x26,4930,78,26,sample,30,0.11463343958272965,,,config,,none,256,256.0,full,493.0,256,256.0,True,,,49.0,150.0
lstm_joint_uci_final_hpo_seed2024_sample,lstm_joint,uci,final_hpo,2024.0,sample,strict,A,valendin_aggregate_mape_v1,2.133124351501465,1.1614738702774048,0.7626519553676525,5.561231768683518,-5.561229180286461,33.946148751590115,8413.0,7945.133571300656,10.490905355299454,-5.561231768683518,10.293089903669781,-5.012069932038307,-5.561231768683518,10.490905355299454,10.490905355299454,0.9135153484838604,588.8475952148438,2951.422607421875,0.8614638922383916,2.8396382331848145,3.6558055877685547,-0.18436205387115479,-8.415905395202804,27481.830515103513,4266929.679746482,3907828.5975814043,16.745708202886174,8.415912825317834,-8.415912825317834,16.498229619259615,-6.780437752438874,-8.415912825317836,16.745708202886174,1.3852068996037141,573.7797241210938,2881.337890625,0.5959011212484774,6.307161140737951,0.8618150967834494,4160751.5,3808931.5,uci_configured_78x26,4930,78,26,sample,30,0.11463343958272965,1.255743727121608,36.73676557100432,config,validation_teacher_forced,none,256,256.0,full,493.0,256,256.0,True,,,150.0,150.0
lstm_joint_uci_final_hpo_seed42_sample,lstm_joint,uci,final_hpo,42.0,sample,strict,A,valendin_aggregate_mape_v1,2.3268654346466064,1.2521905899047852,0.7682052931487677,14.298905725403246,14.29890403987876,48.55513735846258,8413.0,9615.966938678175,15.0057479058603,14.298905725403246,15.492574183328816,14.71333106948896,14.298905725403246,15.0057479058603,15.0057479058603,0.9967005800633206,626.7572021484375,3186.274658203125,0.8569625034599025,2.8496253490448,3.674750804901123,-0.1966691017150879,-3.498440740584066,23710.23094020072,4266929.679746482,4117653.4073128877,14.447531380030753,3.4984469779793295,-3.4984469779793295,14.912764076575172,-1.4915600454198006,-3.4984469779793246,14.447531380030753,1.430140207165332,610.6411743164062,3108.791015625,0.616201709520795,6.119010223312234,0.8573567767962916,4160751.5,4014150.75,uci_configured_78x26,4930,78,26,sample,30,0.11463343958272965,1.280861079801909,36.73676557100432,config,validation_teacher_forced,none,256,256.0,full,493.0,256,256.0,True,,,150.0,150.0
lstm_joint_uci_final_hpo_seed7_sample,lstm_joint,uci,final_hpo,7.0,sample,strict,A,valendin_aggregate_mape_v1,2.295900821685791,1.1688573360443115,0.7608921751052465,6.356826041176743,-6.356826395905147,33.443585673347116,8413.0,7878.200225155801,10.335590485047248,-6.356826041176743,10.167220095948549,-5.559577170364779,-6.356826041176743,10.335590485047248,10.335590485047248,0.9015601221733159,596.07958984375,3463.039794921875,0.8569403283362644,2.779784917831421,3.528937339782715,-0.10358607769012451,-20.334833279996776,36580.98465034265,4266929.679746482,3399256.6251308946,22.290163473362387,20.334833703355983,-20.334833703355983,21.430795258464812,-18.516331747599615,-20.334833703355958,22.290163473362387,1.3205948306711546,580.74267578125,3378.5234375,0.6061842474950494,6.2621431730631345,0.8573061816515949,4160751.5,3314390.0,uci_configured_78x26,4930,78,26,sample,30,0.11463343958272965,1.2343760369990666,36.73676557100432,config,validation_teacher_forced,none,256,256.0,full,493.0,256,256.0,True,,,150.0,150.0
lstm_joint_uci_final_seed42_sample,lstm_joint,uci,final,42.0,sample,strict,A,valendin_aggregate_mape_v1,2.275738000869751,1.1615010499954224,0.7608617018686615,8.737269084217376,-8.73726858730536,41.52820014953613,8413.0,7677.933551944792,12.83410440850992,-8.737269084217376,12.711930682209365,-7.824357498291865,-8.737269084217376,12.83410440850992,12.83410440850992,0.8903217561742335,606.8289184570312,3308.489013671875,0.857548281865683,2.7440717220306396,3.483645439147949,-0.0754399299621582,-18.82703944370302,35303.60695737423,4266929.679746482,3463593.1067471923,21.51180942232604,18.827040361420234,-18.827040361420234,20.792773439612187,-17.1410571174002,-18.827040361420224,21.51180942232604,1.3365794429009565,591.3428955078125,3229.057373046875,0.6044530323668564,6.245310087310863,0.8578806522381017,4160751.5,3377042.75,uci_configured_78x26,4930,78,26,sample,30,0.11463343958272965,1.2459392239894318,36.73676557100432,config,validation_teacher_forced,none,256,256.0,full,493.0,256,256.0,True,,,81.0,150.0
transformer_joint_uci_final_hpo_seed2024_sample,transformer_joint,uci,final_hpo,2024.0,sample,strict,A,valendin_aggregate_mape_v1,2.3375144004821777,1.1259229183197021,0.770503630525703,9.478978602186643,-9.478976686006774,77.64358873550708,8413.0,7615.533530198038,23.995403626805945,-9.478978602186643,22.792273028842082,-4.9740407820703485,-9.478978602186643,23.995403626805945,23.995403626805945,0.869487449190172,582.74072265625,3481.20947265625,0.8486321474042973,2.39752197265625,3.128549098968506,0.13263040781021118,-18.250078891624526,46417.856710795044,4266929.679746482,3488211.512168505,28.28413789449599,18.25008205019783,-18.25008205019783,26.86318764716289,-12.712653523434078,-18.250082050197815,28.28413789449599,1.308248073062359,567.9942626953125,3393.994384765625,0.6198806169571551,6.210164536431972,0.8490775968197076,4160751.5,3409914.0,uci_configured_78x26,4930,78,26,sample,30,0.11463343958272965,1.295438055801536,36.73676557100432,config,validation_teacher_forced,none,256,256.0,full,493.0,256,256.0,True,,,150.0,150.0
transformer_joint_uci_final_hpo_seed42_sample,transformer_joint,uci,final_hpo,42.0,sample,strict,A,valendin_aggregate_mape_v1,2.272904396057129,1.1323665380477905,0.7656948227248952,1.7991971852881976,-1.7992058421490549,64.14231038179535,8413.0,8261.633540801704,19.822893972740747,-1.7991971852881976,19.34386125941064,2.5622802970653122,-1.7991971852881976,19.822893972740747,19.822893972740747,0.8974472511345456,582.951904296875,3452.75390625,0.8511899188110931,2.424346685409546,3.2269883155822754,0.07718831300735474,-13.45759286625195,41869.46060511834,4266929.679746482,3692703.502383134,25.512629863582752,13.457596456041554,-13.457596456041554,24.436465392123583,-6.384689092741838,-13.457596456041543,25.512629863582752,1.347653304094063,568.6484985351562,3366.841064453125,0.6115613391675971,6.205812967114536,0.8516096831372479,4160751.5,3611330.5,uci_configured_78x26,4930,78,26,sample,30,0.11463343958272965,1.2721811322834253,36.73676557100432,config,validation_teacher_forced,none,256,256.0,full,493.0,256,256.0,True,,,150.0,150.0
transformer_joint_uci_final_hpo_seed7_sample,transformer_joint,uci,final_hpo,7.0,sample,strict,A,valendin_aggregate_mape_v1,2.2854409217834473,1.0933400392532349,0.7712718182230153,14.93600935818118,-14.936008632473552,76.51922873593867,8413.0,7156.433532696217,23.647925200694228,-14.93600935818118,21.668840905058044,-10.322492421087901,-14.93600935818118,23.647925200694228,23.647925200694228,0.8574573619327333,586.1353149414062,3619.556640625,0.85517971064208,2.495936870574951,3.2467610836029053,0.06584489345550537,-18.353361591748822,46772.39803014489,4266929.679746482,3483804.3954529553,28.500173193761665,18.353367481323374,-18.353367481323374,26.401482913118752,-11.376311549076744,-18.353367481323364,28.500173193761665,1.3202326921554999,571.3187866210938,3529.117919921875,0.6226422575506693,6.192701629818836,0.8555929092501567,4160751.5,3407640.75,uci_configured_78x26,4930,78,26,sample,30,0.11463343958272965,1.2843497336565544,36.73676557100432,config,validation_teacher_forced,none,256,256.0,full,493.0,256,256.0,True,,,150.0,150.0
transformer_joint_uci_final_seed42_sample,transformer_joint,uci,final,42.0,sample,strict,A,valendin_aggregate_mape_v1,2.168429136276245,1.155165672302246,0.7665266437829042,0.22306463351384875,-0.22305509330797577,60.2448722947962,8413.0,8394.23357238248,18.618408173834556,-0.22306463351384875,18.780157508443608,3.0073498965459895,-0.22306463351384875,18.618408173834556,18.618408173834556,0.9272196209627158,606.203125,3255.22216796875,0.8600613480256365,2.7214291095733643,3.5231611728668213,-0.0999763011932373,-5.17785681717966,33964.83986781839,4266929.679746482,4045993.967574414,20.696048513640992,5.177861571536247,-5.177861571536247,21.521643036423406,-0.4446210701180999,-5.177861571536253,20.696048513640992,1.4099366198066936,591.0428466796875,3176.5986328125,0.6102625261218894,6.184307460727773,0.8603724781210913,4160751.5,3951314.25,uci_configured_78x26,4930,78,26,sample,30,0.11463343958272965,1.3085246777428348,36.73676557100432,config,validation_teacher_forced,none,256,256.0,full,493.0,256,256.0,True,,,150.0,150.0
bgnbd_gg_uci,bgnbd_gg,uci,,,,strict,A,valendin_aggregate_mape_v1,2.1242473125457764,1.159471869468689,0.7764643922032683,3.2985944399896785,3.2985943443183166,63.80232367742633,8413.0,8690.510750236332,19.717822603269756,3.2985944399896785,20.03063419085605,8.453604864624504,3.2985944399896625,19.717822603269756,19.717822603269756,0.9687182878772379,542.829345703125,2427.087646484375,0.8425853944286112,2.0834598541259766,3.2579054832458496,0.05942106246948242,-11.29170870997517,39038.02115828847,4266929.678377748,3785119.9883134994,23.787327812287522,11.291718551298656,-11.291718551298656,23.177747865341107,-4.158193798964039,-11.29171855129866,23.787327812287522,0.846989987541098,529.1992797851562,2363.12060546875,0.5996248161414711,6.334789688805378,0.8429037721480175,4160751.25,3701766.5,uci_78x26,4930,78,26,benchmark_expected_total,0,,,,,,,,,,,,,,,,,
