model,dataset,version,seed,mode,freq_rmse,freq_mae,freq_mape,bias_pct,spend_mae,spend_rmse,spend_r2,freq_normalized_gini,freq_weekly_mae,freq_weekly_total_true,freq_weekly_total_pred,freq_weekly_mape,freq_weekly_bias_pct,freq_mase,freq_mase_scale,run_valid,run_invalid_reason,run_warning,smearing_factor,spend_mae_raw,spend_rmse_raw,spend_normalized_gini,spend_mae_log,spend_rmse_log,spend_r2_log,spend_bias_pct,spend_weekly_mae,spend_weekly_total_true,spend_weekly_total_pred,spend_weekly_mape,spend_weekly_bias_pct,spend_mase,spend_mase_scale,clv_mae,clv_rmse,clv_spearman,clv_decile_lift,clv_normalized_gini,clv_total_true,clv_total_pred
pareto_nbd,cdnow,,,,1.1631473302841187,0.5381752252578735,8.347710957096572,8.347710957096572,,,,,,,,,,,,,,,,,,,,,,,,,,,,,,,,,,,,
bgnbd_gg,cdnow,,,,1.2420098781585693,0.5800448060035706,7.74925769651508,7.74925769651508,1.0097427895448428,1.7008578462170685,0.026838214954650774,,,,,,,,,,,,,,,,,,,,,,,,,,,,,,,,,
pareto_ggg,cdnow,,,,1.2724459171295166,0.550102174282074,13.654687173390467,13.654687173390467,,,,,,,,,,,,,,,,,,,,,,,,,,,,,,,,,,,,
lstm_base,cdnow,v2,123.0,sample,1.1718413829803467,0.5656025409698486,9.323375280884196,-9.323375280884196,,,,0.6718299028109558,11.047156639074764,1196.0,1084.4924947405234,23.752493015965545,-4.503859394703938,0.419541174109348,0.08338133039507842,True,,,,,,,,,,,,,,,,,,,,,,,,
lstm_base,cdnow,v2,42.0,sample,1.2492578029632568,0.5182048678398132,50.62353842234531,-50.62353842234531,,,,0.6548479989528454,23.311415017869038,1196.0,590.5424948297441,47.68777496312203,-47.599961049064476,0.3336262777169718,0.08338133039507842,True,,,,,,,,,,,,,,,,,,,,,,,,
lstm_base,cdnow,v2,7.0,sample,1.22077476978302,0.5574133992195129,33.08639271203491,-33.08639271203491,,,,0.636920383520403,15.732568893366707,1196.0,800.2867787163705,31.033878952183176,-29.37195066889969,0.37173170700477914,0.08338133039507842,True,,,,,,,,,,,,,,,,,,,,,,,,
lstm_joint,cdnow,v2,123.0,sample,1.2947304248809814,0.6439487934112549,0.8119308828908862,-0.8119308828908862,,,,0.6465803854838182,11.409313221748631,1196.0,1186.2892835270613,25.615334140572095,6.739366518509872,0.44923475114014977,0.08338133039507842,True,,,1.2091710080272136,23.225601196289062,51.55924987792969,0.6656315369666362,2.034527540206909,2.2392914295196533,-0.7298697233200073,-6.537888509472127,538.8714091814826,43103.43998063614,40285.38453505643,34.30651205841612,4.906796616815153,0.7434178213590961,1.7675491305339937,22.716899871826172,50.50696563720703,0.39220119627817196,4.626279636012996,0.6665192568867778,42218.734375,39325.07421875
lstm_joint,cdnow,v2,42.0,sample,1.2654521465301514,0.577735960483551,25.285563899521847,-25.285563899521847,,,,0.6344096665466802,13.725865541921499,1196.0,893.5846371715888,27.19100323164642,-20.639298360943386,0.3912950538946023,0.08338133039507842,True,,,1.2525115836001004,21.880115509033203,49.731510162353516,0.6780340167904471,2.024097442626953,2.178013324737549,-0.636489748954773,-10.944892736223185,407.73334904824424,43103.43998063614,38385.81613947275,25.42900573008447,-2.1442983265677227,0.7184596713772065,1.7675491305339937,21.411540985107422,48.6921272277832,0.39810215735729443,5.08689026807625,0.6788608996293737,42218.734375,37588.296875
lstm_joint,cdnow,v2,7.0,sample,1.2599140405654907,0.593890905380249,16.656448211159596,-16.656448211159596,,,,0.6579002912398966,11.38053578360436,1196.0,996.7889228705317,23.03039084446797,-11.08130936720241,0.4107198194897509,0.08338133039507842,True,,,1.2014908368971116,20.87603187561035,51.11408615112305,0.670696589934288,1.9305692911148071,2.0380260944366455,-0.43288612365722656,-33.91611566652892,630.7675161862591,43103.43998063614,28484.424944464925,34.86625428810504,-27.130129685591292,0.6366538868855014,1.7675491305339937,20.43206024169922,50.06215286254883,0.3649193789821036,5.26237373358182,0.671444994837344,42218.734375,27897.845703125
transformer_joint,cdnow,v2,123.0,sample,1.2360929250717163,0.5362253189086914,23.407222275749895,-23.407222275749895,,,,0.6699245721391407,12.52556326938793,1196.0,916.0496392389759,24.140896819973094,-18.47787655747308,0.3937129283059592,0.08338133039507842,True,,,1.2633807106490387,19.0711669921875,48.958465576171875,0.6939870003400406,1.4031063318252563,1.738364815711975,-0.042495131492614746,-23.2245379936345,527.4235721195471,43103.43998063614,33092.86355167728,29.301601510595525,-15.655775677092112,0.666517093584948,1.7675491305339937,18.67742919921875,47.955169677734375,0.42468848248071206,5.165495847081408,0.6944657655636564,42218.734375,32413.185546875
transformer_joint,cdnow,v2,42.0,sample,1.2399578094482422,0.5292021036148071,30.27425402382943,-30.27425402382943,,,,0.6687817009718904,15.043269380819625,1196.0,833.9199954131618,31.1619915530855,-27.172293845053623,0.3786716285641676,0.08338133039507842,True,,,1.2507887155986182,20.028362274169922,48.61647033691406,0.6935349718058017,1.6827126741409302,1.9300603866577148,-0.2850914001464844,-17.251469937867483,449.96429108274856,43103.43998063614,35667.46338088705,27.277610651530065,-11.196105307375058,0.6905574136297563,1.7675491305339937,19.61334800720215,47.624752044677734,0.42575432804645374,5.081099117724854,0.6939972838942301,42218.734375,34938.66015625
transformer_joint,cdnow,v2,7.0,sample,1.2248214483261108,0.5504440665245056,18.80061427087688,-18.80061427087688,,,,0.6706682155829706,13.149107212988802,1196.0,971.1446384396404,26.893513881371312,-13.298729134895467,0.4035810742947047,0.08338133039507842,True,,,1.289622425608796,20.376953125,49.09062194824219,0.6925184204616474,1.6685566902160645,1.9274852275848389,-0.2816643714904785,-16.71092792773198,523.2232190859337,43103.43998063614,35900.45284656066,31.66973182978267,-7.81294481866918,0.6930354482543077,1.7675491305339937,19.96051597595215,48.08099365234375,0.41119706220274727,4.826925700774878,0.6932002945669017,42218.734375,35167.46875
pareto_nbd,dunnhumby,,,,33.91511154174805,19.464054107666016,74.21148205273407,-74.21148205273407,,,,,,,,,,,,,,,,,,,,,,,,,,,,,,,,,,,,
bgnbd_gg,dunnhumby,,,,186.19483947753906,120.94330596923828,20.24189759220936,-20.24189759220936,1.6741840142318416,2.702983433149889,-1.6075194404143414,,,,,,,,,,,,,,,,,,,,,,,,,,,,,,,,,
lstm_base,dunnhumby,v2,123.0,sample,13.790775299072266,8.489455223083496,0.052847073199809254,0.052847073199809254,,,,0.8776696152573199,143.10867651386863,62910.0,62943.24674632307,6.4641242296265125,1.7333086206984736,1.025572138309418,0.8235297098438245,True,,,,,,,,,,,,,,,,,,,,,,,,
lstm_base,dunnhumby,v2,42.0,sample,13.9981689453125,8.509135246276855,2.005748539580353,2.005748539580353,,,,0.8767352525551224,139.43884554297918,62910.0,64171.81514912564,6.496217769166685,3.776060032505012,1.0330001064180567,0.8235297098438245,True,,,,,,,,,,,,,,,,,,,,,,,,
lstm_base,dunnhumby,v2,7.0,sample,13.935047149658203,8.704967498779297,5.53317735654109,5.53317735654109,,,,0.8786152494001123,180.007803093896,62910.0,66390.91761922278,8.13039019002536,7.4182758293155695,1.0436152806962562,0.8235297098438245,True,,,,,,,,,,,,,,,,,,,,,,,,
lstm_joint,dunnhumby,v2,123.0,sample,14.356369972229004,8.875986099243164,1.0482422806390082,-1.0482422806390082,,,,0.8650467686579766,172.90607217961752,62910.0,62250.549624161795,7.51596898425899,0.6590646918887327,1.0425566840847988,0.8235297098438245,True,,,1.390507726759927,314.3609924316406,499.7571105957031,0.8537567809765884,0.7718570828437805,1.3168865442276,0.41163569688796997,5.045035147010371,6862.997414952362,1965992.2999520553,2065177.329909477,9.498437694537758,7.188526697131356,1.1443000213999521,27.51521755817735,308.1019287109375,489.9130554199219,0.8153456614545667,3.244731728030627,0.854241892789412,1929812.75,2026360.5
lstm_joint,dunnhumby,v2,42.0,sample,14.376030921936035,8.800952911376953,2.9954125933873788,-2.9954125933873788,,,,0.8705859865555546,184.84891644632444,62910.0,61025.583250678144,7.652952893425087,-1.4956835167045808,1.0360022818552084,0.8235297098438245,True,,,1.3902969288155913,300.47589111328125,473.2442626953125,0.8585087361488484,0.7396666407585144,1.2616404294967651,0.45996642112731934,0.07922208238613351,6109.719193539716,1965992.2999520553,1967549.6794565907,8.183701048867151,2.0011696480114085,1.1142479283710829,27.51521755817735,294.52960205078125,463.8809814453125,0.8239094829088971,3.209740899024187,0.858987425605555,1929812.75,1930912.875
lstm_joint,dunnhumby,v2,7.0,sample,14.5452880859375,8.830739974975586,1.2029089175011922,-1.2029089175011922,,,,0.8723709706182591,152.44352738864043,62910.0,62153.246496759355,6.558754877454877,0.21634442763083037,1.0386365342336774,0.8235297098438245,True,,,1.4251869761374945,305.46343994140625,463.9736633300781,0.8568175738535238,0.7613877058029175,1.285526156425476,0.43932467699050903,3.1848675903986905,6402.671659920877,1965992.2999520553,2028606.6383321274,8.74862624581303,5.195486310327593,1.1300067245034615,27.51521755817735,299.3802490234375,454.9054260253906,0.822604132346305,3.1931357220113505,0.8573076912538629,1929812.75,1991086.0
transformer_joint,dunnhumby,v2,123.0,sample,15.231249809265137,8.939719200134277,3.0107619019233827,3.0107619019233827,,,,0.8657240978260741,161.926495753398,62910.0,64804.07085415721,7.273697264941865,4.741035637270037,1.0490410849784702,0.8235297098438245,True,,,1.3925281867237151,290.4645080566406,461.1140441894531,0.8588559872797551,0.7222519516944885,1.2186897993087769,0.4961097836494446,-0.7765417183104358,6108.048859928964,1965992.2999520553,1950725.5952560515,8.186237616773413,1.2475037345026792,1.0969152444622077,27.51521755817735,284.72265625,452.0612487792969,0.8208520330409866,3.264475043858764,0.8592403062004161,1929812.75,1914327.25
transformer_joint,dunnhumby,v2,42.0,sample,15.064594268798828,9.385299682617188,11.016494297408997,11.016494297408997,,,,0.8668593851290123,316.23652564844286,62910.0,69840.47461140156,12.971327852794865,12.929461815478618,1.072816425099891,0.8235297098438245,True,,,1.3790468116907493,310.1820983886719,485.029052734375,0.8586467666019754,0.746933102607727,1.2556498050689697,0.465082585811615,7.316801477727086,7961.311588105013,1965992.2999520553,2109840.1827247757,10.991265255648857,9.55635875352267,1.132158019211485,27.51521755817735,303.99908447265625,475.40771484375,0.8181132749006308,3.2789199165037313,0.8590366098715956,1929812.75,2070005.375
transformer_joint,dunnhumby,v2,7.0,sample,15.550162315368652,9.308947563171387,8.426335737561597,8.426335737561597,,,,0.8678640577866401,251.66667418021032,62910.0,68211.01048429683,11.007453335981014,10.651531776272085,1.0696605407640989,0.8235297098438245,True,,,1.443113383808512,315.3016662597656,530.4046630859375,0.8565128388554507,0.7388755679130554,1.2364567518234253,0.4813104271888733,4.699217405358541,7264.208273035859,1965992.2999520553,2058378.4613231127,10.172365385163053,7.061306220302489,1.1276655428379205,27.51521755817735,309.02667236328125,519.8883056640625,0.8159999018711714,3.2327086314697797,0.8568872327084803,1929812.75,2019197.875
pareto_nbd,tafeng,,,,1.2928977012634277,0.9239565134048462,14.802479399707902,14.802479399707902,,,,,,,,,,,,,,,,,,,,,,,,,,,,,,,,,,,,
bgnbd_gg,tafeng,,,,1.2972151041030884,0.9309380054473877,16.100279649483852,16.100279649483852,2.5144926127745757,3.9721244783129066,-0.26582947691848857,,,,,,,,,,,,,,,,,,,,,,,,,,,,,,,,,
lstm_base,tafeng,v2,123.0,sample,1.5455873012542725,1.1198196411132812,62.59973404255319,62.59973404255319,,,,0.6547186483636492,4060.4289780430495,30127.0,48986.41981868446,76.26364544258303,71.51236906672005,1.038865692549181,0.3518873876671712,True,,,,,,,,,,,,,,,,,,,,,,,,
lstm_base,tafeng,v2,42.0,sample,1.2815344333648682,0.8725695013999939,6.562946028479437,6.562946028479437,,,,0.6551548350158947,1584.460983182676,30127.0,32104.218944435008,33.34258162623021,14.269254448798623,0.829247756650281,0.3518873876671712,True,,,,,,,,,,,,,,,,,,,,,,,,
lstm_base,tafeng,v2,7.0,sample,1.3184293508529663,0.918933629989624,21.117542507551367,21.117542507551367,,,,0.6534864555140951,1441.7888268582524,30127.0,36489.08151169494,26.73234990947738,24.152025038678104,0.8737993597033696,0.3518873876671712,True,,,,,,,,,,,,,,,,,,,,,,,,
lstm_joint,tafeng,v2,123.0,sample,1.3048259019851685,0.9460670948028564,26.729682884123875,26.729682884123875,,,,0.6396454649816016,2461.4032933522017,30127.0,38179.85211312957,46.83266676363972,32.822575034242604,0.9309748124255617,0.3518873876671712,True,,,1.718351377952747,1206.189453125,3401.92919921875,0.556552325737379,3.8406927585601807,4.897188663482666,-0.9240801334381104,83.83457600984354,4428817.053953061,23513493.88786887,43225929.82790865,99.59996979850038,89.48946235631388,1.226006967743432,289.2988732420841,1206.189453125,3401.92919921875,0.3948031946247384,3.2288030141756616,0.556552325737379,23513494.0,43225932.0
lstm_joint,tafeng,v2,42.0,sample,1.2837839126586914,0.8898659348487854,3.241790742108408,-3.241790742108408,,,,0.6223984401601597,1611.313890087232,30127.0,29150.345180442557,31.28793021988092,2.9641966832575206,0.8641840652643851,0.3518873876671712,True,,,1.674470249147977,1018.3952026367188,3178.439453125,0.54203173020203,3.7527077198028564,4.807229995727539,-0.8540408611297607,47.171849492040614,2384667.455116944,23513493.88786887,34605243.3996229,56.26199285279863,52.80435026747139,1.0809108895747008,289.2988732420841,1018.3952026367188,3178.439453125,0.3547878608442783,3.3102924348193628,0.54203173020203,23513494.0,34605244.0
lstm_joint,tafeng,v2,7.0,sample,1.5069881677627563,1.0925638675689697,56.951185294752214,56.951185294752214,,,,0.6485748780811981,3431.536702108756,30127.0,47284.68351054378,57.511137970315396,57.511137970315396,1.0050028603295798,0.3518873876671712,True,,large spend bias (109.9%),1.7486853544696088,1348.334716796875,3319.2998046875,0.5711275874376133,3.9472224712371826,5.007516384124756,-1.0117511749267578,109.8703663521891,5166872.647249004,23513493.88786887,49347857.12411389,109.7525867667797,109.7525867667797,1.3099318853082276,289.2988732420841,1348.334716796875,3319.2998046875,0.4147566366319959,3.3444167207241673,0.5711275874376133,23513494.0,49347856.0
transformer_joint,tafeng,v2,123.0,sample,1.4254422187805176,0.8830260634422302,32.47130117917483,-32.47130117917483,,,,0.6306851392540526,2565.6519048387186,30127.0,20344.371550458483,43.103439597898316,-28.368891583132587,0.7799980207482321,0.3518873876671712,True,,,1.6909645464488194,817.0760498046875,2986.277587890625,0.5551033384810794,3.5348260402679443,4.455956935882568,-0.5929841995239258,-13.860585755566571,2108985.513266383,23513493.88786887,20254385.430340957,46.49282566865062,-10.820703126446082,0.8575465180173568,289.2988732420841,817.0760498046875,2986.277587890625,0.3808971967084594,3.472822569954549,0.5551033384810794,23513494.0,20254386.0
transformer_joint,tafeng,v2,42.0,sample,1.3191708326339722,0.8526036143302917,22.422778726308625,-22.422778726308625,,,,0.6492084405713062,1351.0620310559868,30127.0,23371.689844720066,23.386245505679685,-23.386245505679685,0.7784361928976535,0.3518873876671712,True,,,1.678438846860864,833.87890625,2961.228515625,0.5725189878375475,3.558495283126831,4.511435508728027,-0.6328976154327393,0.5017969681579437,1393219.0288297809,23513493.88786887,23631485.50042281,29.822768378865977,-2.164840965160373,0.8819442780841104,289.2988732420841,833.87890625,2961.228515625,0.4036036436845566,3.4819025631496,0.5725189878375475,23513494.0,23631484.0
transformer_joint,tafeng,v2,7.0,sample,1.3258742094039917,0.8655310273170471,21.052829480200487,-21.052829480200487,,,,0.6439610538361825,1723.1498277721926,30127.0,23784.415257521905,28.936024385427157,-21.532785836712392,0.7943425432627969,0.3518873876671712,True,,,1.6616221379876566,843.0313720703125,2972.921875,0.5650546358699403,3.584768772125244,4.552189350128174,-0.6625324487686157,1.532634835129139,1237442.2218544597,23513493.88786887,23873870.573709115,27.26155794114098,-0.8898262046448381,0.8888429126783082,289.2988732420841,843.0313720703125,2972.921875,0.39634374570503783,3.4454273713216512,0.5650546358699403,23513494.0,23873870.0
pareto_nbd,uci,,,,3.4405646324157715,1.1898757219314575,11.297190267294663,-11.297190267294663,,,,,,,,,,,,,,,,,,,,,,,,,,,,,,,,,,,,
bgnbd_gg,uci,,,,1.9445929527282715,1.0193806886672974,20.858314138735405,-20.858314138735405,2.1833284663633665,3.392350947479453,-0.06882198953080354,,,,,,,,,,,,,,,,,,,,,,,,,,,,,,,,,
lstm_base,uci,v2,123.0,sample,2.2306389808654785,1.2505953311920166,13.240228106799002,13.240228106799002,,,,0.7464257760591309,48.37141327864419,8413.0,9526.899995430373,15.052572966918465,13.28918855412071,0.9989860903461223,0.11463343958272965,True,,,,,,,,,,,,,,,,,,,,,,,,
lstm_base,uci,v2,42.0,sample,2.424855947494507,1.3095537424087524,21.642867623023893,21.642867623023893,,,,0.7522289943802437,70.71684233980396,8413.0,10233.814337121323,21.750225224890738,21.53259929432199,1.0434014564553535,0.11463343958272965,True,,,,,,,,,,,,,,,,,,,,,,,,
lstm_base,uci,v2,7.0,sample,2.3334901332855225,1.2510534524917603,13.764481865862354,13.764481865862354,,,,0.7517086556738234,47.84246555522371,8413.0,9571.00624394603,15.455137853369127,14.499552609620533,1.0005149610594741,0.11463343958272965,True,,,,,,,,,,,,,,,,,,,,,,,,
lstm_joint,uci,v2,123.0,sample,2.822766065597534,1.2267805337905884,3.063989510281707,-3.063989510281707,,,,0.7564590728213036,38.95363762534152,8413.0,8155.226907861419,12.328208174905958,-1.6587176442144511,0.9436926648734412,0.11463343958272965,True,,,1.2789079005369188,606.8079833984375,3295.399658203125,0.8546099672808644,2.878915309906006,3.702979326248169,-0.2151247262954712,-9.092100068679363,28222.83918084955,4266929.679746482,3878976.070092743,17.938800264341033,-5.944387739157315,1.4112746398071503,36.73676557100432,591.298095703125,3215.900146484375,0.5930788509719683,6.228691060638524,0.8551070483869568,4160751.5,3783613.5
lstm_joint,uci,v2,42.0,sample,2.7547144889831543,1.2093347311019897,14.404424560575896,-14.404424560575896,,,,0.74443970743989,55.264663592482414,8413.0,7201.155646091327,16.089535857087764,-12.810210196173749,0.8992959622501713,0.11463343958272965,True,,,1.2904456558036785,598.5591430664062,3194.15673828125,0.8501764894826956,2.8625175952911377,3.660447835922241,-0.18737173080444336,-23.067184494142683,39697.99494129128,4266929.679746482,3282668.998696942,22.504852731591924,-20.684403736116774,1.3187736073648755,36.73676557100432,583.0494995117188,3114.812744140625,0.5768141839485698,6.197748489652894,0.8506122861448159,4160751.5,3202853.0
lstm_joint,uci,v2,7.0,sample,2.8335208892822266,1.2809410095214844,3.0094909849340308,3.0094909849340308,,,,0.7654325562887371,32.593139625655915,8413.0,8666.188434099779,10.92460043263976,4.330409445276791,0.9830147709657898,0.11463343958272965,True,,,1.3257880402828992,650.4024047851562,3725.496337890625,0.8612686290636007,3.029844045639038,3.9553635120391846,-0.38640809059143066,-10.169273947460345,31178.686708845824,4266929.679746482,3833013.9041431383,19.14818525873431,-6.808394963408987,1.436897573900856,36.73676557100432,633.4715576171875,3632.333984375,0.5981710770088817,6.194489020137309,0.8616275616501429,4160751.5,3738779.5
transformer_joint,uci,v2,123.0,sample,2.4086320400238037,1.235886573791504,6.941336139011055,6.941336139011055,,,,0.7611871429286216,53.04513433092059,8413.0,8996.97536318656,18.131728842266927,10.064457754479674,0.9756144780039219,0.11463343958272965,True,,,1.1999134657396195,610.1238403320312,3223.695068359375,0.8551007280802023,2.8514809608459473,3.6812894344329834,-0.20093142986297607,-9.204804063437185,34937.917600866036,4266929.679746482,3874166.7686922424,22.12796885802182,-4.645803523294659,1.4084872391009986,36.73676557100432,594.8567504882812,3144.20068359375,0.6120484974384411,6.323600518965715,0.8553865414917559,4160751.5,3782257.25
transformer_joint,uci,v2,42.0,sample,2.364776372909546,1.263798475265503,11.440023995602044,11.440023995602044,,,,0.7570589040782135,65.29613363936257,8413.0,9375.449120758101,20.80928118335904,12.43387066468015,0.9982283301521816,0.11463343958272965,True,,,1.2392296242489458,618.50146484375,3307.54150390625,0.8566303636372427,2.8296146392822266,3.644892692565918,-0.17730164527893066,-11.45635872352707,31884.7813876005,4266929.679746482,3778094.7964206045,19.216174079579172,-8.79082530859022,1.402147700919584,36.73676557100432,602.933837890625,3226.625244140625,0.6075797355221376,6.255521209686812,0.8569440991105486,4160751.5,3685817.75
transformer_joint,uci,v2,7.0,sample,2.4664547443389893,1.2147310972213745,3.589485301765125,3.589485301765125,,,,0.7672171738773063,53.20382116860352,8413.0,8714.983368541114,17.24879510705943,7.325386383974807,0.9598121049446869,0.11463343958272965,True,,,1.3007203709347654,611.3895263671875,3081.7939453125,0.857498490431677,2.83066463470459,3.641869068145752,-0.17534923553466797,-3.934070155131459,30786.59699450843,4266929.679746482,4099065.6748042195,19.089527481150643,0.853780082702275,1.4259933090088357,36.73676557100432,596.1666870117188,3004.154541015625,0.6160173391888266,6.26310010489994,0.857853980926314,4160751.5,4003511.25
