model,dataset,version,seed,mode,protocol_variant,freq_rmse,freq_mae,freq_normalized_gini,freq_calibration_factor,freq_mape,bias_pct,freq_weekly_mae,freq_weekly_total_true,freq_weekly_total_pred,freq_weekly_mape,freq_weekly_bias_pct,freq_mase,freq_mase_scale,smearing_factor,spend_calibration_factor,spend_mae_raw,spend_rmse_raw,spend_normalized_gini,spend_mae_log,spend_rmse_log,spend_r2_log,spend_bias_pct,spend_weekly_mae,spend_weekly_total_true,spend_weekly_total_pred,spend_weekly_mape,spend_weekly_bias_pct,spend_mase,spend_mase_scale,clv_mae,clv_rmse,clv_spearman,clv_decile_lift,clv_normalized_gini,clv_total_true,clv_total_pred,calibration_temperature_source,validation_temperature,calibration_source,validation_freq_true_total,validation_freq_pred_total,validation_spend_true_total,validation_spend_pred_total,validation_freq_calibration_factor,validation_spend_calibration_factor,run_valid,run_invalid_reason,run_warning
lstm_base,cdnow,v2,123,sample,strict,1.1741174459457397,0.5654882192611694,0.6906369645603586,0.9774003629660326,12.056943963602635,-12.056943963602635,12.800330882533812,1196.0,1051.7990182321519,27.652289854976118,-5.45471335622835,0.41706545710394777,0.08338133039507842,,,,,,,,,,,,,,,,,,,,,,,,validation_only,0.9818826913833618,validation_only,261.0,273.35546875,0.0,0.0,0.9774003629660326,1.0,True,,
lstm_base,cdnow,v2,42,sample,strict,1.2250301837921143,0.5324316024780273,0.6657719493438922,0.9924102469508467,40.37489875104515,-40.37489875104515,19.60829918903227,1196.0,713.1162279192358,39.775959840968895,-36.45133694719897,0.3560529017605625,0.08338133039507842,,,,,,,,,,,,,,,,,,,,,,,,validation_only,1.0053293704986572,validation_only,320.0,324.93231201171875,0.0,0.0,0.9924102469508467,1.0,True,,
lstm_base,cdnow,v2,7,sample,strict,1.2565762996673584,0.5781510472297668,0.5995909552014137,0.9899826952023317,36.06670979273359,-36.06670979273359,17.429237230537602,1196.0,764.6421234756708,34.84366925543313,-32.10665739559109,0.36769360772182924,0.08338133039507842,,,,,,,,,,,,,,,,,,,,,,,,validation_only,0.9831839203834534,validation_only,308.0,314.29681396484375,0.0,0.0,0.9899826952023317,1.0,True,,
lstm_joint,cdnow,v2,123,sample,strict,1.2472575902938843,0.5819146633148193,0.6709381851500377,0.9444364070383565,13.054827942098662,-13.054827942098662,11.205217357868186,1196.0,1039.864313846454,22.71200716653414,-7.2401474125924095,0.41866633902776457,0.08338133039507842,1.2700373867846055,0.9596584956525692,21.70256996154785,51.48978805541992,0.6749570684218629,1.9359867572784424,2.102888822555542,-0.5255441665649414,-21.008493377123344,528.8755479740183,43103.43998063614,34048.05033540334,29.31699552851798,-12.283873160027174,0.6869461335364692,1.7675491305339937,21.23699188232422,50.45140075683594,0.38628085650267774,4.775979552024947,0.6756635297023897,42218.734375,33260.40234375,validation_only,0.9718515872955322,validation_only,261.0,293.63031005859375,10048.27990871477,10930.157936545262,0.9444364070383565,0.9596584956525692,True,,
lstm_joint,cdnow,v2,42,sample,strict,1.2197239398956299,0.5856605172157288,0.6403457246637652,0.9829951506840254,0.8411011966973244,0.8411011966973244,10.805070789638334,1196.0,1206.059574215673,25.030553625029704,8.11708344152327,0.4424904141455091,0.08338133039507842,1.1924466846499147,0.9970290052048022,23.353078842163086,49.28936004638672,0.6783293805500803,2.0583817958831787,2.251279354095459,-0.7484409809112549,17.655657538914387,509.75113679835533,43103.43998063614,50713.63220500402,39.39804720658489,31.25023866232039,0.8173717128294054,1.7675491305339937,22.84336280822754,48.261322021484375,0.3912392494283675,5.1456602323483915,0.6791341970507299,42218.734375,49596.5859375,validation_only,0.9782639145851135,validation_only,320.0,331.2662658691406,11798.549970526808,11869.075895948148,0.9829951506840254,0.9970290052048022,True,,
lstm_joint,cdnow,v2,7,sample,strict,1.2882189750671387,0.5660635828971863,0.6317214241303707,0.9649249779964877,27.91225471624164,-27.91225471624164,13.918725101724984,1196.0,862.1694310936145,27.091369676979145,-23.359803178974527,0.3850371802889638,0.08338133039507842,1.2179054363198398,1.0155121401570768,20.324058532714844,51.37110900878906,0.6642168762403685,1.8165189027786255,1.945497751235962,-0.305730938911438,-34.96037874009468,637.0885167774893,43103.43998063614,28034.312423806783,34.7657247424791,-28.222540535545303,0.6295879153824421,1.7675491305339937,19.89154052734375,50.310203552246094,0.3699904420336674,5.141042852210117,0.6647736189770792,42218.734375,27449.47265625,validation_only,0.9726549983024597,validation_only,308.0,331.2362365722656,11202.559968874077,10865.46668470373,0.9649249779964877,1.0155121401570768,True,,
transformer_joint,cdnow,v2,123,sample,strict,1.2306222915649414,0.49340903759002686,0.6704162439870414,0.936982209338258,31.73740348688336,-31.73740348688336,16.16035680963586,1196.0,816.4207271607593,31.35286233658063,-25.936407772457837,0.3733430168828916,0.08338133039507842,1.4254361128093693,0.9242493122593343,18.340160369873047,48.88458251953125,0.6836691225871281,1.0439728498458862,1.6616448163986206,0.047492146492004395,-26.978285338321335,626.1886615165439,43103.43998063614,31474.86894567076,35.99735785324561,-17.15229743852592,0.6508069187035048,1.7675491305339937,17.956207275390625,47.88612365722656,0.4274307270108326,5.115072344715087,0.6841689051292814,42218.734375,30785.603515625,validation_only,1.031445860862732,validation_only,261.0,298.63916015625,10048.27990871477,11842.423332642291,0.936982209338258,0.9242493122593343,True,,
transformer_joint,cdnow,v2,42,sample,strict,1.2522180080413818,0.5024877786636353,0.675672469648876,0.9876227664682711,36.77990763482442,-36.77990763482442,17.305380165791856,1196.0,756.1123239491135,35.285421204632435,-33.90462336676132,0.3643105615851293,0.08338133039507842,1.2197361183528603,0.9733652537116171,18.54058837890625,48.92898178100586,0.689642055536785,1.3587948083877563,1.7290767431259155,-0.031384825706481934,-28.584699958674992,523.7374042878881,43103.43998063614,30782.449710233872,28.45569732446514,-23.886181940572683,0.6474313947356354,1.7675491305339937,18.163776397705078,47.92310333251953,0.434005581695445,5.167940103586533,0.6901477410566276,42218.734375,30177.291015625,validation_only,1.0308752059936523,validation_only,320.0,328.12249755859375,11798.549970526808,12462.416577912481,0.9876227664682711,0.9733652537116171,True,,
transformer_joint,cdnow,v2,7,sample,strict,1.2546157836914062,0.5120458006858826,0.6800631565169017,0.9681641421553984,33.72236270968332,-33.72236270968332,16.36107014024702,1196.0,792.6805813782848,32.32016999629819,-29.468328151045988,0.3716854292090139,0.08338133039507842,1.2068275208324932,0.9856682354141026,18.64295768737793,50.41487121582031,0.6859699733563649,1.244580626487732,1.6893960237503052,0.01541060209274292,-37.87012165503042,682.2896564751586,43103.43998063614,26780.11470678083,37.7835705341754,-31.50463616075101,0.6163256106031233,1.7675491305339937,18.261404037475586,49.38667678833008,0.4273407297907352,5.068927452484995,0.6863287473620371,42218.734375,26242.34375,validation_only,0.9996784925460815,validation_only,308.0,328.9444580078125,11202.559968874077,11533.140477390158,0.9681641421553984,0.9856682354141026,True,,
lstm_base,dunnhumby,v2,123,sample,strict,13.86627197265625,8.455953598022461,0.877383161773649,0.9946877939578669,0.20101881656334444,-0.20101881656334444,143.33528510176322,62910.0,62783.53842390329,6.429556296334981,1.4382819066819863,1.0208016042905514,0.8235297098438245,,,,,,,,,,,,,,,,,,,,,,,,validation_only,0.9954381585121155,validation_only,17490.0,17677.81640625,0.0,0.0,0.9946877939578669,1.0,True,,
lstm_base,dunnhumby,v2,42,sample,strict,13.969049453735352,8.468605995178223,0.875929046629031,0.9924055728466092,1.9706227149896678,1.9706227149896678,140.4563852921975,62910.0,64149.72174765356,6.537071232590243,3.7463459751205868,1.0289979762619157,0.8235297098438245,,,,,,,,,,,,,,,,,,,,,,,,validation_only,0.9953076243400574,validation_only,18807.0,19097.0625,0.0,0.0,0.9924055728466092,1.0,True,,
lstm_base,dunnhumby,v2,7,sample,strict,13.954306602478027,8.595392227172852,0.8776648733076421,0.9935735246804138,2.3720021657924018,2.3720021657924018,137.21547435325655,62910.0,64402.225586138666,6.472822609179516,4.181554753892133,1.0362396404491614,0.8235297098438245,,,,,,,,,,,,,,,,,,,,,,,,validation_only,0.9954407215118408,validation_only,21969.0,22255.04296875,0.0,0.0,0.9935735246804138,1.0,True,,
lstm_joint,dunnhumby,v2,123,sample,strict,14.530715942382812,8.838955879211426,0.8667691142964047,0.9949895113882279,2.71043206564934,-2.71043206564934,210.83973430825228,62910.0,61204.867530513555,8.755458675375692,-0.9730136054234102,1.0379382053288282,0.8235297098438245,1.4022712934009884,0.980054952329883,303.1476135253906,462.9833984375,0.8487652883460287,0.764029860496521,1.2948782444000244,0.4311373233795166,0.3240920710648783,6270.305518856795,1965992.2999520553,1972363.866775872,8.507567247078889,2.4817962937752647,1.1170156766417263,27.51521755817735,297.05224609375,453.7677001953125,0.8101010308409249,3.2864335834664846,0.8493131426729144,1929812.75,1935195.0,validation_only,0.9888797402381897,validation_only,17490.0,17667.041015625,510671.0401096433,531888.1074251699,0.9949895113882279,0.980054952329883,True,,
lstm_joint,dunnhumby,v2,42,sample,strict,14.336442947387695,8.660414695739746,0.869920326059439,0.9939634399143356,0.1222356342393896,-0.1222356342393896,182.3583887822672,62910.0,62833.100941344164,7.990215632458608,1.7692619029193284,1.0362084614180953,0.8235297098438245,1.3862007449558753,0.982250010091662,299.6908874511719,467.6175842285156,0.8567235178160896,0.7480705976486206,1.2780734300613403,0.4458068013191223,-1.0304656592618815,6919.799293072321,1965992.2999520553,1945733.3279889598,9.240456005539775,1.1541523410009025,1.109195448109567,27.51521755817735,293.6926574707031,458.30963134765625,0.8198226382363863,3.262564583967184,0.8571797183810177,1929812.75,1908849.25,validation_only,0.9928721785545349,validation_only,18807.0,19036.833984375,552284.4896824306,572612.2116383752,0.9939634399143356,0.982250010091662,True,,
lstm_joint,dunnhumby,v2,7,sample,strict,14.104379653930664,8.646576881408691,0.8708871127735686,0.9933413275239487,4.185039888332538,-4.185039888332538,218.3976517320526,62910.0,60277.191881654784,8.748081672834038,-2.6903371677592216,1.026850410763774,0.8235297098438245,1.4153137329781988,0.9801140376271978,300.5672912597656,468.9998474121094,0.8518536607626652,0.7528026103973389,1.2681633234024048,0.45436781644821167,-0.2703723781210226,5952.400298781428,1965992.2999520553,1960676.7037822423,7.9484803459410465,1.730443215637174,1.1110558082637452,27.51521755817735,294.5462951660156,459.68914794921875,0.8153856236009532,3.2351084267217027,0.8523648619846123,1929812.75,1924008.0,validation_only,0.9961150884628296,validation_only,21969.0,22265.517578125,646302.7100964336,673072.0823021207,0.9933413275239487,0.9801140376271978,True,,
transformer_joint,dunnhumby,v2,123,sample,strict,15.947534561157227,9.22701644897461,0.8605478501080133,0.9876625972206944,2.7211803071848673,2.7211803071848673,140.1018527418121,62910.0,64621.89522207063,6.439897304681846,4.366694491241107,1.0560373804597538,0.8235297098438245,1.3999797595356935,0.9695645831521302,300.32501220703125,482.98828125,0.8555376844719149,0.7338983416557312,1.2268859148025513,0.48930925130844116,-0.6371083100658205,6425.905786767176,1965992.2999520553,1953466.6679399153,8.549541829554554,1.3939518926052707,1.098535544850923,27.51521755817735,294.4329528808594,473.4519958496094,0.8146812133994679,3.238766330657098,0.8559176961099869,1929812.75,1916895.25,validation_only,1.0080021619796753,validation_only,17490.0,17932.48046875,510671.0401096433,543770.8234739196,0.9876625972206944,0.9695645831521302,True,,
transformer_joint,dunnhumby,v2,42,sample,strict,14.611724853515625,9.084554672241211,0.8671857851939995,0.9872842939062136,7.246090645366396,7.246090645366396,221.87297899750146,62910.0,67468.51553649455,9.601477841666185,9.121871891217955,1.0574140034334436,0.8235297098438245,1.3869000912340812,0.9662238749451924,312.6342468261719,498.2664489746094,0.8581439592892107,0.7441570162773132,1.2496020793914795,0.47022294998168945,7.287732187143668,8095.413362208772,1965992.2999520553,2109268.592029379,11.287586785686088,9.69500475075688,1.1317248526132375,27.51521755817735,306.37469482421875,488.3373718261719,0.8177011215761864,3.2692583061371785,0.8585453951635101,1929812.75,2068918.75,validation_only,1.0103768110275269,validation_only,18807.0,19297.76953125,552284.4896824306,592295.3749927063,0.9872842939062136,0.9662238749451924,True,,
transformer_joint,dunnhumby,v2,7,sample,strict,15.000086784362793,9.066060066223145,0.8659083883625005,0.9865278140391436,4.609449511206486,4.609449511206486,191.14242611738683,62910.0,65809.80478139361,8.688770774366501,6.720481985772224,1.0534653272143293,0.8235297098438245,1.4218081933830076,0.9623192096728621,300.3314514160156,489.23065185546875,0.8566994654448569,0.7318369150161743,1.2214285135269165,0.4938424229621887,-0.5694579925226053,7030.006185033769,1965992.2999520553,1954796.7544215582,9.507467662075813,1.8464128847021588,1.104766422507163,27.51521755817735,294.388671875,479.5488586425781,0.8163327900642957,3.262190412796236,0.8571081545558509,1929812.75,1917849.0,validation_only,1.0295301675796509,validation_only,21969.0,22577.33203125,646302.7100964336,698978.861979106,0.9865278140391436,0.9623192096728621,True,,
extension3_lstm_dynamic,dunnhumby,final,123,sample,strict,3.395573139190674,2.069589138031006,0.8502610453716066,0.9941116878430343,0.9995617313847708,-0.9995617313847708,36.145048670470715,11872.0,11753.332490622997,1.2135867109675822,-0.9942850411564775,0.998616285129837,0.8235297098438245,1.398095257259048,0.9826733143328988,64.66903686523438,102.87810516357422,0.831465976245372,1.0799129009246826,1.5742263793945312,0.43709641695022583,1.6336749002342812,1732.4781388814372,347125.7604829216,352796.6545737296,2.027531290024951,1.6872693097473472,0.9906389180858931,27.51521755817735,64.4959716796875,102.59571075439453,0.7948768329399414,3.4064039322950497,0.8314717385805539,346205.21875,351853.84375,validation_only,0.9734378457069397,validation_only,17490.0,17698.427734375,510671.0401096433,529002.7695185925,0.9941116878430343,0.9826733143328988,True,,
extension3_lstm_dynamic,dunnhumby,final,42,sample,strict,3.3223631381988525,2.0265135765075684,0.8491911296209131,0.9959174756351525,3.761715130664589,-3.761715130664589,111.64770154841244,11872.0,11425.40919380635,3.74470052914184,-3.74470052914184,0.9837242279834658,0.8235297098438245,1.3805824533879658,0.986525810486131,63.82073211669922,100.98673248291016,0.8294842919587129,1.0792244672775269,1.5723822116851807,0.4384145736694336,-2.2070892176682366,2844.942155914585,347125.7604829216,339464.3464946451,3.1615922504876335,-2.0425017278373083,0.9836452461150879,27.51521755817735,63.64852523803711,100.71147918701172,0.7927918072544888,3.3964141889086394,0.8294978206765719,346205.21875,338545.375,validation_only,0.970923900604248,validation_only,18807.0,18961.82421875,552284.4896824306,567579.8465148173,0.9959174756351525,0.986525810486131,True,,
extension3_lstm_dynamic,dunnhumby,final,7,sample,strict,3.26664662361145,2.031141519546509,0.851796634440006,0.9997525257919664,1.9363608964369945,-1.9363608964369945,66.3784651895985,11872.0,11642.115430686623,2.2267148251967184,-1.9203053700452146,0.987684481469849,0.8235297098438245,1.4180704770702672,0.9831808140697259,64.30644226074219,100.47225189208984,0.8329937724649449,1.0881754159927368,1.5960253477096558,0.42139899730682373,1.493370918175906,2535.9700506604204,347125.7604829216,352309.6200051707,2.964124668935027,1.623630858698015,0.9928845571300418,27.51521755817735,64.13516998291016,100.2009506225586,0.7952120274376359,3.381190273258016,0.8329940127681543,346205.21875,351371.65625,validation_only,0.9808070659637451,validation_only,21969.0,21979.87890625,646302.7100964336,668800.0550485105,0.9997525257919664,0.9831808140697259,True,,
extension3_lstm_full,dunnhumby,final,123,sample,strict,3.4463419914245605,2.078798294067383,0.8508670765625367,0.9939362241740426,0.5204686578714622,-0.5204686578714622,24.052420331165195,11872.0,11810.210235722363,0.8028212401952686,-0.5155973672277283,1.0009434932907642,0.8235297098438245,1.3948893397177158,0.9803263282918311,63.85383224487305,100.88125610351562,0.8309160297362307,1.0787057876586914,1.567824125289917,0.44166576862335205,0.7539054650944219,1499.7761077970936,347125.7604829216,349742.77103380614,1.7210349585884948,0.8069912066924909,0.9837573991840461,27.51521755817735,63.683082580566406,100.6067886352539,0.7953899388505559,3.416912522877644,0.8309160565974316,346205.21875,348805.375,validation_only,0.9710034728050232,validation_only,17490.0,17704.71484375,510671.0401096433,531587.5999611828,0.9939362241740426,0.9803263282918311,True,,
extension3_lstm_full,dunnhumby,final,42,sample,strict,3.2299814224243164,2.0077333450317383,0.8529834157096117,0.9959818971354542,2.5628843076145555,-2.5628843076145555,76.06642536912113,11872.0,11567.734298523515,2.5488224100199215,-2.5488224100199215,0.9775423852344722,0.8235297098438245,1.3764635614302263,0.9884071306231488,63.51515579223633,100.59156799316406,0.8301086959943578,1.065554141998291,1.5445315837860107,0.4581323266029358,-1.992370560236456,2662.0689356789007,347125.7604829216,340209.71551685943,2.968989457492437,-1.8457227172107464,0.9778032027792727,27.51521755817735,63.34510040283203,100.31842803955078,0.7957918251209014,3.4070479127604867,0.8301106642819022,346205.21875,339292.1875,validation_only,0.9772511720657349,validation_only,18807.0,18959.361328125,552284.4896824306,565393.5569877757,0.9959818971354542,0.9884071306231488,True,,
extension3_lstm_full,dunnhumby,final,7,sample,strict,3.272610902786255,2.0248289108276367,0.8532933478357878,1.000984855179255,1.357982871988713,-1.357982871988713,63.24852849915624,11872.0,11710.780057772994,2.1255608671182307,-1.336309303912013,0.9880745331128379,0.8235297098438245,1.4171893952331298,0.983793506100235,64.05078125,101.23380279541016,0.8331097556837547,1.077858567237854,1.5738368034362793,0.437375009059906,0.9243318163518551,2641.667603031503,347125.7604829216,350334.35629563907,3.049554302568056,1.0609631068174818,0.9889268127517328,27.51521755817735,63.88134765625,100.96009063720703,0.7978692989804224,3.368957300415591,0.8331067828065215,346205.21875,349396.5,validation_only,0.9817638993263245,validation_only,21969.0,21925.8125,646302.7100964336,667953.0646309763,1.000984855179255,0.983793506100235,True,,
extension3_lstm_none,dunnhumby,final,123,sample,strict,3.377159833908081,2.032221794128418,0.85160404483486,0.994427006909151,2.8584194954514826,-2.8584194954514826,84.83765561506152,11872.0,11532.649377539754,2.850579570777998,-2.850579570777998,0.9890608266563998,0.8235297098438245,1.401085893206077,0.9816077264591065,64.89740753173828,102.43535614013672,0.8318131121159682,1.0770118236541748,1.5728107690811157,0.4381083846092224,2.9744174121337874,2670.3263694634807,347125.7604829216,357450.72524311894,3.142503059405763,3.0461985161117395,0.9947093697522518,27.51521755817735,64.72173309326172,102.15676879882812,0.7947780153230642,3.3991637725359594,0.8318189833814449,346205.21875,356492.5,validation_only,0.969292402267456,validation_only,17490.0,17687.140625,510671.0401096433,530173.2219541172,0.994427006909151,0.9816077264591065,True,,
extension3_lstm_none,dunnhumby,final,42,sample,strict,3.2596590518951416,2.0177969932556152,0.8503996144868882,0.996077666277636,1.672692311741914,-1.672692311741914,53.82418981939554,11872.0,11673.417619735003,1.8012330338823448,-1.657490524314193,0.9819157439499137,0.8235297098438245,1.3791040155115253,0.9845545407462386,64.48637390136719,101.73090362548828,0.8286638578011998,1.0802794694900513,1.5707112550735474,0.43960750102996826,-0.4568409286836254,2884.466023441353,347125.7604829216,345539.94227883086,3.2494613624990385,-0.29734136704135056,0.9870296370541239,27.51521755817735,64.31373596191406,101.45418548583984,0.7925896695671751,3.416317956535746,0.828674420042005,346205.21875,344604.375,validation_only,0.9767154455184937,validation_only,18807.0,18955.701171875,552284.4896824306,569888.8806530267,0.996077666277636,0.9845545407462386,True,,
extension3_lstm_none,dunnhumby,final,7,sample,strict,3.297708749771118,2.0441737174987793,0.8516981335026371,0.9997056799025266,0.1349189532092318,0.1349189532092318,42.00180231779814,11872.0,11888.018248282373,1.423891208519319,0.15871506559115156,0.9919508815800948,0.8235297098438245,1.4192899369008598,0.9824187440666643,63.921112060546875,99.54206848144531,0.8328569089814887,1.081903338432312,1.5798159837722778,0.4330918788909912,1.8323691054322533,2858.728631303482,347125.7604829216,353486.3598984921,3.339355493495049,1.9679725025816361,0.9891969111823679,27.51521755817735,63.75104904174805,99.27410125732422,0.7965416076124503,3.3885202464510407,0.832864392227488,346205.21875,352542.90625,validation_only,0.9828941822052002,validation_only,21969.0,21981.939453125,646302.7100964336,669856.5489477774,0.9997056799025266,0.9824187440666643,True,,
extension3_lstm_static,dunnhumby,final,123,sample,strict,3.3734169006347656,2.0460541248321533,0.8525155958823746,0.9934441307960211,1.8663925623315363,-1.8663925623315363,55.39457640424371,11872.0,11650.421694383025,1.8609706435089794,-1.8609706435089794,0.9926485572758308,0.8235297098438245,1.3955541419829944,0.9791314105436633,64.02389526367188,99.93392944335938,0.8325100116260541,1.074798583984375,1.5690877437591553,0.4407653212547302,3.336831105154256,2895.7485048571616,347125.7604829216,358708.7545023503,3.4037862641689784,3.4037862641689784,0.9906884899066078,27.51521755817735,63.85270690917969,99.66190338134766,0.7958799269137553,3.3838946091952824,0.8325186435031431,346205.21875,357747.34375,validation_only,0.9735355377197266,validation_only,17490.0,17722.37109375,510671.0401096433,532913.3395055362,0.9934441307960211,0.9791314105436633,True,,
extension3_lstm_static,dunnhumby,final,42,sample,strict,3.2879886627197266,2.010970115661621,0.8524950847913002,0.9952327621507657,3.9076977341644206,-3.9076977341644206,115.9803658425808,11872.0,11408.078536629677,3.8888300613571194,-3.8888300613571194,0.9779563449089413,0.8235297098438245,1.3795918104160376,0.9883876004534413,63.47669219970703,99.78602600097656,0.8311223733489391,1.0756982564926147,1.5606005191802979,0.44679874181747437,-1.8504281229496804,2662.182009892207,347125.7604829216,340702.42227039865,2.9647263707717673,-1.6986643615627117,0.9792042503324523,27.51521755817735,63.30447006225586,99.5149917602539,0.7952870297091454,3.3993171128780943,0.8311321120509186,346205.21875,339780.875,validation_only,0.9745602607727051,validation_only,18807.0,18988.041015625,552284.4896824306,565416.1665546633,0.9952327621507657,0.9883876004534413,True,,
extension3_lstm_static,dunnhumby,final,7,sample,strict,3.26383376121521,2.0283455848693848,0.8538918662433591,1.0028439327527208,1.5499557124957886,-1.5499557124957886,58.484401509165764,11872.0,11687.989100754261,1.9626677221414768,-1.5333014786694774,0.9887174082306331,0.8235297098438245,1.4183069479229566,0.9849859364161186,64.03876495361328,99.47638702392578,0.8335698714735483,1.0832864046096802,1.5885217189788818,0.4268267750740051,2.7112292879453626,3041.1146185742946,347125.7604829216,356537.145998895,3.5850665074575154,2.8410217750730653,0.9927560705802327,27.51521755817735,63.8690071105957,99.20782470703125,0.7964477663306319,3.3964131790910264,0.8335751955717597,346205.21875,355587.5625,validation_only,0.9849918484687805,validation_only,21969.0,21844.75,646302.7100964336,666310.7747746164,1.0028439327527208,0.9849859364161186,True,,
extension3_transformer_dynamic,dunnhumby,final,123,sample,strict,3.5728487968444824,2.1926491260528564,0.8297621178512437,0.9917195622335866,0.03741076693059299,-0.03741076693059299,33.63876916375011,11872.0,11867.557770129293,1.130733850804795,-0.02411249786342729,1.0310214564015827,0.8235297098438245,1.40334891808436,0.9729159657150236,67.57469177246094,104.63440704345703,0.8121698335835544,1.0921931266784668,1.6303693056106567,0.3962298631668091,2.8489315471410577,2472.342352835087,347125.7604829216,357015.129894262,2.8712075956009238,2.8712075956009238,1.0237639063313828,27.51521755817735,67.396240234375,104.35530090332031,0.7739834879562824,3.3381787207066034,0.8121718255537776,346205.21875,356063.5,validation_only,1.0033249855041504,validation_only,17490.0,17784.52734375,510671.0401096433,539917.3184368348,0.9917195622335866,0.9729159657150236,True,,
extension3_transformer_dynamic,dunnhumby,final,42,sample,strict,3.5276243686676025,2.165358781814575,0.8331676744727665,0.9884990576191612,0.7129761729278976,-0.7129761729278976,61.44522527232766,11872.0,11787.356023564935,2.0589034853689974,-0.695185436500976,1.0241030250886307,0.8235297098438245,1.3894148141969,0.9781280620571052,66.98306274414062,104.22488403320312,0.8151452235355625,1.0815666913986206,1.6051075458526611,0.4147951602935791,0.8800935251850375,3266.164897763505,347125.7604829216,350180.78276673483,3.7400281168014504,1.034826320745279,1.0106533545927765,27.51521755817735,66.8040771484375,103.94580841064453,0.7755814977717916,3.349351262433798,0.8151371873111013,346205.21875,349234.84375,validation_only,1.0123999118804932,validation_only,18807.0,19249.78125,552284.4896824306,577548.7087144328,0.9884990576191612,0.9781280620571052,True,,
extension3_transformer_dynamic,dunnhumby,final,7,sample,strict,3.5831661224365234,2.222527503967285,0.8257719951341014,0.993980081516326,1.1113991955862534,1.1113991955862534,48.32472166791558,11872.0,12003.945187240839,1.6400487057112108,1.1301826492834968,1.0364173515958857,0.8235297098438245,1.4370843752712659,0.9694481215307145,68.34896850585938,105.70114135742188,0.8067814580879293,1.103973388671875,1.6325061321258545,0.39464622735977173,0.5803552459015213,3575.299808248914,347125.7604829216,349140.2896452375,4.063515436691918,0.7429233989855342,1.0254297821299314,27.51521755817735,68.1645278930664,105.415771484375,0.766861583781681,3.3550980443822565,0.8067697277362463,346205.21875,348190.4375,validation_only,1.0314912796020508,validation_only,21969.0,22236.7265625,646302.7100964336,688364.3585462171,0.993980081516326,0.9694481215307145,True,,
extension3_transformer_full,dunnhumby,final,123,sample,strict,3.6315486431121826,2.2097151279449463,0.8259430003934075,0.9919337170998781,3.4130497441458894,-3.4130497441458894,101.29938874952495,11872.0,11466.8024450019,3.400681533376678,-3.400681533376678,1.0258111454041539,0.8235297098438245,1.4028057953821562,0.9732476116279487,67.21808624267578,104.6081771850586,0.8133640589855428,1.0765358209609985,1.5896191596984863,0.42603451013565063,0.12698928270230603,454.0923618374836,347125.7604829216,347566.54067221854,0.5303101190226187,0.14901044457814946,1.0070662348381152,27.51521755817735,67.04116821289062,104.33216857910156,0.7751935955420232,3.360947937412246,0.813360411612628,346205.21875,346645.3125,validation_only,1.0078476667404175,validation_only,17490.0,17776.78515625,510671.0401096433,539538.9512405143,0.9919337170998781,0.9732476116279487,True,,
extension3_transformer_full,dunnhumby,final,42,sample,strict,3.6004879474639893,2.1772613525390625,0.8364523110573742,0.9891466781078102,1.0828722519373315,-1.0828722519373315,82.97844458837062,11872.0,11743.440741699189,2.779438858594281,-1.0584290409514963,1.0273735610672108,0.8235297098438245,1.3769149262161726,0.9766686114486058,67.17731475830078,104.25660705566406,0.8198497166743943,1.0707294940948486,1.5966213941574097,0.4209668040275574,2.49416097768604,5094.644264708775,347125.7604829216,355783.6497617167,5.84151217980977,2.6738823586331626,1.0142185813255788,27.51521755817735,66.99943542480469,103.97913360595703,0.7818490161110647,3.3507794627215213,0.8198532474028782,346205.21875,354805.46875,validation_only,1.0154101848602295,validation_only,18807.0,19224.294921875,552284.4896824306,579317.0311802434,0.9891466781078102,0.9766686114486058,True,,
extension3_transformer_full,dunnhumby,final,7,sample,strict,3.585923910140991,2.2144923210144043,0.8273271412893392,0.9975957920720904,2.4686828777796497,-2.4686828777796497,73.27055278420448,11872.0,11578.917788863182,2.459236566893818,-2.459236566893818,1.0279946304310845,0.8235297098438245,1.4411491481816825,0.973675104380321,66.77928924560547,103.51957702636719,0.8130219300062025,1.0855712890625,1.6106129884719849,0.4107738733291626,-0.08297605406686194,2880.9270004815153,347125.7604829216,346837.7384874392,3.3109879319584508,0.04496351090331535,1.0145605639332884,27.51521755817735,66.60250854492188,103.24346923828125,0.774556858904726,3.3409080705483873,0.8130260268141927,346205.21875,345914.46875,validation_only,1.0346206426620483,validation_only,21969.0,22075.146484375,646302.7100964336,682221.5312982834,0.9975957920720904,0.973675104380321,True,,
extension3_transformer_none,dunnhumby,final,123,sample,strict,3.648921489715576,2.2161459922790527,0.8229786707310427,0.9924833548844665,2.982250121083221,-2.982250121083221,88.51319509744644,11872.0,11517.947219610214,2.968937346632769,-2.968937346632769,1.0304725663462253,0.8235297098438245,1.40993869340869,0.9747846446595225,68.88336944580078,107.453125,0.8057714373576008,1.095108151435852,1.6138813495635986,0.40838003158569336,0.04090736570248678,606.9814734088286,347125.7604829216,347267.73312088253,0.7139917852114024,0.055409371643216,1.02016142686317,27.51521755817735,68.7025375366211,107.16905212402344,0.7679843070785168,3.314029302666351,0.8057676123503528,346205.21875,346350.84375,validation_only,1.016788125038147,validation_only,17490.0,17756.9453125,510671.0401096433,537792.2873599415,0.9924833548844665,0.9747846446595225,True,,
extension3_transformer_none,dunnhumby,final,42,sample,strict,3.555438995361328,2.1805365085601807,0.833111507473371,0.9867001822424597,2.7637409714033017,2.7637409714033017,101.00908066704869,11872.0,12200.11184079945,3.420181890609793,2.789370309779418,1.033405336232683,0.8235297098438245,1.3748188894359905,0.9732613296489783,66.4891128540039,102.8261489868164,0.8133526737787854,1.0856832265853882,1.61014986038208,0.4111126661300659,-0.23501029526043515,2496.3628344312274,347125.7604829216,346309.98778622446,2.8084801877958703,-0.1106556170935638,1.0079332378540151,27.51521755817735,66.31399536132812,102.55152893066406,0.7758021398982985,3.3351495552503154,0.8133472506761861,346205.21875,345372.4375,validation_only,0.9999884366989136,validation_only,18807.0,19320.9296875,552284.4896824306,583487.8692624902,0.9867001822424597,0.9732613296489783,True,,
extension3_transformer_none,dunnhumby,final,7,sample,strict,3.5751287937164307,2.1893601417541504,0.8259951128747999,0.9922735206513131,1.4810155986775606,-1.4810155986775606,63.91593050211668,11872.0,11696.1737998873,2.145525518295985,-1.458928322769959,1.0261079598805085,0.8235297098438245,1.4395442196789667,0.9698570482595781,69.19904327392578,108.35321044921875,0.8080618621377701,1.0832196474075317,1.6039859056472778,0.41561275720596313,2.0543977938830524,3673.112472871995,347125.7604829216,354257.1058633396,4.263053629033465,2.2195916257979857,1.0254324919466893,27.51521755817735,69.01332092285156,108.0603256225586,0.768768232047847,3.372144136307975,0.8080609539536093,346205.21875,353304.6875,validation_only,1.0292502641677856,validation_only,21969.0,22313.814453125,646302.7100964336,687765.2601897079,0.9922735206513131,0.9698570482595781,True,,
extension3_transformer_static,dunnhumby,final,123,sample,strict,3.5817275047302246,2.2005834579467773,0.8312396319117755,0.9925258814681395,0.43759410272068733,-0.43759410272068733,23.377148862928152,11872.0,11820.049488440156,0.7827933544995731,-0.4259420542779207,1.0307205772651655,0.8235297098438245,1.404268611655066,0.9726782767278765,68.13291931152344,105.26165008544922,0.8144072064355763,1.0872535705566406,1.61865234375,0.4048769474029541,3.306528685930099,2869.4524233543816,347125.7604829216,358603.5701763392,3.308188725262612,3.308188725262612,1.0240051840763784,27.51521755817735,67.95467376708984,104.98343658447266,0.7767344135996463,3.3236452948229,0.8143936944728106,346205.21875,357652.5625,validation_only,1.0032875537872314,validation_only,17490.0,17755.412109375,510671.0401096433,540188.8189624159,0.9925258814681395,0.9726782767278765,True,,
extension3_transformer_static,dunnhumby,final,42,sample,strict,3.5626254081726074,2.1782495975494385,0.8344459208985002,0.9894228935547658,0.2993190384939353,0.2993190384939353,69.00786878634244,11872.0,11907.534702587873,2.320973480539976,0.32133365785319123,1.0265353826482604,0.8235297098438245,1.39117125998259,0.9802993705486622,66.68983459472656,103.7628173828125,0.8173128483681641,1.0786560773849487,1.5978660583496094,0.4200636148452759,1.3940283168275474,3863.3101861915675,347125.7604829216,351964.7671065951,4.435650244288901,1.567050281394145,1.011499282803539,27.51521755817735,66.51287078857422,103.4855728149414,0.7789183158819997,3.3255505256240285,0.8173164566599059,346205.21875,351011.1875,validation_only,1.0134873390197754,validation_only,18807.0,19213.4453125,552284.4896824306,574937.7612670378,0.9894228935547658,0.9802993705486622,True,,
extension3_transformer_static,dunnhumby,final,7,sample,strict,3.599496841430664,2.2389824390411377,0.8279639391168807,0.995334449995658,2.0572631506907006,2.0572631506907006,61.059598471969366,11872.0,12116.238393887877,2.0745157676916826,2.0745157676916826,1.0398867270825887,0.8235297098438245,1.4355321276398822,0.971366273965626,68.7618179321289,105.88738250732422,0.8105035314866562,1.10446035861969,1.6368176937103271,0.3914443850517273,3.73860373366136,4605.258048879052,347125.7604829216,360103.4214403141,5.356300530353472,3.8851765327516037,1.0339325005186741,27.51521755817735,68.57725524902344,105.60317993164062,0.7708854994187276,3.3578320148112173,0.8105103333219382,346205.21875,359125.21875,validation_only,1.0338590145111084,validation_only,21969.0,22175.92578125,646302.7100964336,685563.1658360487,0.995334449995658,0.971366273965626,True,,
lstm_base,tafeng,v2,123,sample,strict,1.426330804824829,1.0441330671310425,0.6540753109389305,0.9999551643713667,50.531759302286986,50.531759302286986,3667.598322605062,30127.0,45350.701801040675,70.24188773588776,59.98570524952307,1.007966739250043,0.3518873876671712,,,,,,,,,,,,,,,,,,,,,,,,validation_only,1.009416103363037,validation_only,5343.0,5343.479156494141,0.0,0.0,0.9999551643713667,1.0,True,,
lstm_base,tafeng,v2,42,sample,strict,1.255165696144104,0.8650918006896973,0.6537126016228534,0.9932714945767256,5.5756282777906865,5.5756282777906865,1527.781488196552,30127.0,31806.768336517736,32.018272949253586,13.034089549662124,0.8307051524823659,0.3518873876671712,,,,,,,,,,,,,,,,,,,,,,,,validation_only,0.9947859048843384,validation_only,5130.0,5199.976135253906,0.0,0.0,0.9932714945767256,1.0,True,,
lstm_base,tafeng,v2,7,sample,strict,1.3574209213256836,0.9568395018577576,0.6537851214425235,1.0058773526166875,32.18927892754008,32.18927892754008,1939.533101804182,30127.0,39824.66550902091,34.67315548567648,34.67315548567648,0.919921172792597,0.3518873876671712,,,,,,,,,,,,,,,,,,,,,,,,validation_only,1.0133494138717651,validation_only,5147.0,5087.201446533203,0.0,0.0,1.0058773526166875,1.0,True,,
lstm_joint,tafeng,v2,123,sample,strict,1.3283374309539795,0.9848648309707642,0.6431117918111969,0.9992255875888529,34.98127458343014,34.98127458343014,2922.9721373204143,30127.0,40665.807900832966,55.2078595720042,41.78433648368178,0.977654077531018,0.3518873876671712,1.5816538839121315,0.9730317610743628,1310.892822265625,3360.77783203125,0.5389176343115,3.951904535293579,5.049712181091309,-1.0457978248596191,102.35839046294014,5364243.801567236,23513493.88786887,47581528.27432357,121.1326512639817,109.68523848784227,1.3280325771736108,289.2988732420841,1310.892822265625,3360.77783203125,0.3588875160553121,3.0943378275286357,0.5389176343115,23513494.0,47581528.0,validation_only,1.0179595947265625,validation_only,5343.0,5351.2882080078125,4536783.995314665,4795432.74748676,0.9992255875888529,0.9730317610743628,True,,large spend bias (102.4%)
lstm_joint,tafeng,v2,42,sample,strict,1.2849936485290527,0.9051328897476196,0.6046289454282174,1.0003799795713801,7.159048828708467,7.159048828708467,1242.2151009012946,30127.0,32283.805869617965,25.350404512467144,12.038244877912904,0.8808445874264389,0.3518873876671712,1.6203976809188247,0.9736213857228011,1167.7103271484375,3750.210693359375,0.5107576118528182,3.81870698928833,4.890148162841797,-0.9185519218444824,71.00708214610725,3339248.954001053,23513493.88786887,40209738.65787414,75.06474874552335,75.06474874552335,1.189780860032071,289.2988732420841,1167.7103271484375,3750.210693359375,0.33687743778771717,2.9066829734730515,0.5107576118528182,23513494.0,40209740.0,validation_only,1.0627154111862183,validation_only,5130.0,5126.1043701171875,4434077.016331105,4681035.474743385,1.0003799795713801,0.9736213857228011,True,,
lstm_joint,tafeng,v2,7,sample,strict,1.683160662651062,1.2154676914215088,0.6445663971440272,1.000954962601209,74.7875400388356,74.7875400388356,4506.248733654991,30127.0,52658.243668274954,75.24941213293239,75.24941213293239,1.0754519643851403,0.3518873876671712,1.6215588684902418,0.980321791847973,1836.6817626953125,5232.71630859375,0.5539273178687321,4.077157497406006,5.13776969909668,-1.117769479751587,177.52727859160362,8348572.314343701,23513493.88786887,65256355.45958738,176.41315700693198,176.41315700693198,1.6384679596042993,289.2988732420841,1836.6817626953125,5232.71630859375,0.4049360553033955,3.290404998073514,0.5539273178687321,23513494.0,65256360.0,validation_only,0.996099054813385,validation_only,5147.0,5137.1883544921875,4455519.999387113,4638057.313874002,1.000954962601209,0.980321791847973,True,,large spend bias (177.5%)
transformer_joint,tafeng,v2,123,sample,strict,1.357578158378601,0.8811241388320923,0.641833858605185,0.9874400474331843,18.268794914030604,-18.268794914030604,1913.0439948073588,30127.0,24623.160728419665,34.29355846145623,-14.64488549359721,0.8235210396055633,0.3518873876671712,1.586355524255276,0.9696855052732523,888.7825317382812,2981.7509765625,0.5605029593582245,3.658823251724243,4.663378715515137,-0.7447404861450195,11.130196133335183,2675341.16301411,23513493.88786887,26130592.56232202,58.70977081012697,13.99688709915871,0.952834485020573,289.2988732420841,888.7825317382812,2981.7509765625,0.3924060331074626,3.465121312956818,0.5605029593582245,23513494.0,26130592.0,validation_only,0.9978294968605042,validation_only,5343.0,5480.674011230469,4536783.995314665,4829597.618384315,0.9874400474331843,0.9696855052732523,True,,
transformer_joint,tafeng,v2,42,sample,strict,1.2807741165161133,0.8541809916496277,0.6451850113549918,0.9895407951536288,13.40768740457065,-13.40768740457065,956.4477769765072,30127.0,26087.66453784937,15.415623024116753,-13.152053789711188,0.8041947507782206,0.3518873876671712,1.7009130519397018,0.9522842333358592,893.2366333007812,3014.0166015625,0.5671365695824021,3.588780641555786,4.564014911651611,-0.6711814403533936,17.505063262822613,1306248.9643400474,23513493.88786887,27629548.297516093,25.887367512389247,15.261820983525537,0.9466148396815217,289.2988732420841,893.2366333007812,3014.0166015625,0.39063200259723974,3.428082212402879,0.5671365695824021,23513494.0,27629546.0,validation_only,1.0084290504455566,validation_only,5130.0,5239.604187011719,4434077.016331105,4901869.9851940535,0.9895407951536288,0.9522842333358592,True,,
transformer_joint,tafeng,v2,7,sample,strict,1.3109207153320312,0.8494337201118469,0.6433272089131504,0.9956997709017246,23.730394195821024,-23.730394195821024,1568.102829318866,30127.0,22977.745589092374,25.993090089491854,-23.741796372876628,0.7744947127957331,0.3518873876671712,1.626290199424146,0.9701415489054563,811.5123901367188,2978.125,0.5666118222581408,3.505882740020752,4.422332286834717,-0.5690335035324097,-7.331849532868233,1134864.2285064557,23513493.88786887,21789521.593938448,25.184369677698964,-9.279081944635594,0.8504518511792181,289.2988732420841,811.5123901367188,2978.125,0.3979993519525672,3.452649349035944,0.5666118222581408,23513494.0,21789520.0,validation_only,1.002594232559204,validation_only,5147.0,5191.650573730469,4455519.999387113,4738487.812617366,0.9956997709017246,0.9701415489054563,True,,
lstm_base,uci,v2,123,sample,strict,2.3028130531311035,1.2738486528396606,0.7587436480913939,0.9904213079572801,18.681444453524307,18.681444453524307,63.745752239707286,8413.0,9984.670269196853,19.11873416686013,18.01793193677623,1.015453332690628,0.11463343958272965,,,,,,,,,,,,,,,,,,,,,,,,validation_only,1.0006227493286133,validation_only,1984.0,2022.7506103515625,0.0,0.0,0.9904213079572801,1.0,True,,
lstm_base,uci,v2,42,sample,strict,2.2357823848724365,1.254294753074646,0.7256308394134813,0.9889943670397522,10.272397442945442,10.272397442945442,38.26124085622052,8413.0,9277.216279953718,11.837993358743399,10.27969179722136,0.9883878345049038,0.11463343958272965,,,,,,,,,,,,,,,,,,,,,,,,validation_only,1.0185444355010986,validation_only,1918.0,1961.1677856445312,0.0,0.0,0.9889943670397522,1.0,True,,
lstm_base,uci,v2,7,sample,strict,2.370551824569702,1.3241926431655884,0.747166242941227,0.9882417280416051,23.152912066890526,23.152912066890526,75.29577541759667,8413.0,10360.854559151456,23.93590887582273,23.815816058898946,1.0367159481731725,0.11463343958272965,,,,,,,,,,,,,,,,,,,,,,,,validation_only,0.9976313710212708,validation_only,2268.0,2322.6199951171875,0.0,0.0,0.9882417280416051,1.0,True,,
lstm_joint,uci,v2,123,sample,strict,2.557189464569092,1.217428207397461,0.7626282321168057,0.9893494589040981,6.605569505527161,-6.605569505527161,41.00913336753057,8413.0,7857.273248131853,12.459734350232102,-4.586616031417586,0.9314641921367959,0.11463343958272965,1.2838497104775044,0.975183612400073,592.4577026367188,2931.090087890625,0.8604230166803248,2.880580425262451,3.6930253505706787,-0.20860064029693604,-17.78724021571015,35689.61842252317,4266929.679746482,3507960.537112433,21.071192293408043,-14.451074968253971,1.358465012367072,36.73676557100432,577.4326782226562,2859.510009765625,0.5919329786972662,6.260886844348689,0.860797971876917,4160751.5,3422951.5,validation_only,0.9850442409515381,validation_only,1984.0,2027.18115234375,900285.6951952758,947302.9705802388,0.9893494589040981,0.975183612400073,True,,
lstm_joint,uci,v2,42,sample,strict,2.903251886367798,1.216280460357666,0.7565873225503293,0.9825250438609407,21.242161266418044,-21.242161266418044,72.54069483495103,8413.0,6625.8969567120075,20.75225423395063,-19.19995702451887,0.8758248056874829,0.11463343958272965,1.2509074551762294,0.988579153788417,616.4461669921875,3442.861572265625,0.8547237308964631,2.8531179428100586,3.6305222511291504,-0.16803669929504395,-28.141160991762344,47341.670270811795,4266929.679746482,3066166.069298127,26.69270071183577,-25.405363281361815,1.3115379196507349,36.73676557100432,600.78125,3358.619873046875,0.5814035122351684,6.27491831891635,0.8551187287485268,4160751.5,2992327.5,validation_only,0.9783462882041931,validation_only,1918.0,1987.4616088867188,847297.5793486047,867103.6952546011,0.9825250438609407,0.988579153788417,True,,
lstm_joint,uci,v2,7,sample,strict,2.880164384841919,1.216288447380066,0.7542908201209734,0.9905775071654006,9.289961406454298,-9.289961406454298,48.3880990820113,8413.0,7631.4356730734,13.847482655459881,-6.560146624888532,0.9181189259140555,0.11463343958272965,1.3097081949150768,1.041924544662098,590.8616943359375,3090.10205078125,0.8593934420183631,2.8790338039398193,3.6937544345855713,-0.20907795429229736,-11.413886730493203,31742.23669473741,4266929.679746482,3779906.947141321,18.854321716511407,-6.924012154286904,1.3853679752748411,36.73676557100432,575.7102661132812,3013.044921875,0.578868896620692,6.316634537801531,0.8597631661260673,4160751.5,3690491.5,validation_only,1.0335923433303833,validation_only,2268.0,2311.5613403320312,1340219.52920716,1236537.0256876042,0.9905775071654006,1.041924544662098,True,,
transformer_joint,uci,v2,123,sample,strict,2.3621044158935547,1.196544885635376,0.7689069639963297,0.9789256177160065,3.4047358812254847,3.4047358812254847,49.233019727174764,8413.0,8699.440347394906,16.15040664037419,5.750425699217329,0.9565615512871828,0.11463343958272965,1.2580855105303979,0.9543544090242203,609.485595703125,3521.835205078125,0.8582629834778788,2.7346742153167725,3.5249264240264893,-0.10107874870300293,-13.01875271199114,36632.519226709,4266929.679746482,3711428.6524041384,22.203674085972164,-8.870580143231773,1.3909619847853023,36.73676557100432,594.3552856445312,3436.50634765625,0.6162601471204565,6.309990603701067,0.8585882841667851,4160751.5,3622239.5,validation_only,0.9975433349609375,validation_only,1984.0,2071.3028564453125,900285.6951952758,990730.6689603229,0.9789256177160065,0.9543544090242203,True,,
transformer_joint,uci,v2,42,sample,strict,2.299736499786377,1.1599364280700684,0.7664131391683553,0.9842073083541658,6.101948574750386,-6.101948574750386,56.82049273083416,8413.0,7899.642585335299,17.843008278991224,-4.1645261216613685,0.9183322404310043,0.11463343958272965,1.280067891008624,0.9274443500071393,611.8624877929688,3552.718505859375,0.8599518661009158,2.865525960922241,3.7119569778442383,-0.22102391719818115,-16.275333351535338,35025.395769121664,4266929.679746482,3572472.6474146526,21.057523152197255,-13.655419251974843,1.375912606886153,36.73676557100432,596.4509887695312,3465.909912109375,0.6007552582794519,6.236738272413886,0.86024660423162,4160751.5,3486403.5,validation_only,0.9763211607933044,validation_only,1918.0,1980.556640625,847297.5793486047,991120.3403840206,0.9842073083541658,0.9274443500071393,True,,
transformer_joint,uci,v2,7,sample,strict,2.381319761276245,1.1661704778671265,0.7695406107157726,0.9883169123422086,3.257311276075716,-3.257311276075716,48.797320747962935,8413.0,8138.962789170444,15.039446613105815,-0.5133358064577705,0.9224017837045243,0.11463343958272965,1.3935500016800348,1.0231304548173878,628.264892578125,2973.091552734375,0.8621150858316287,2.738105058670044,3.5387792587280273,-0.10975015163421631,4.12710123286546,30063.525924751877,4266929.679746482,4443030.29010593,20.33010600035189,8.778082966827915,1.4694688296973573,36.73676557100432,612.5934448242188,2899.96240234375,0.6182820050823254,6.290751239331351,0.8624260000452924,4160751.5,4335587.5,validation_only,0.9964050650596619,validation_only,2268.0,2322.2623901367188,1340219.52920716,1280961.1033590063,0.9883169123422086,1.0231304548173878,True,,
