run_name,model,dataset,version,seed,mode,protocol_variant,metric,estimate,ci_low,ci_high,n_customers,n_resamples
pareto_nbd_cdnow,pareto_nbd,cdnow,,,,strict,bias_pct,5.340272367671893,2.4626957142251964,8.416469490040232,23502,1000
pareto_nbd_cdnow,pareto_nbd,cdnow,,,,strict,clv_decile_lift,5.649719691372049,5.440380330324459,5.879801362686796,23502,1000
pareto_nbd_cdnow,pareto_nbd,cdnow,,,,strict,clv_mae,19.975356823724603,19.334413352891936,20.619656168608486,23502,1000
pareto_nbd_cdnow,pareto_nbd,cdnow,,,,strict,clv_spearman,0.4907357038849247,0.47880320260909165,0.5023542952660555,23502,1000
pareto_nbd_cdnow,pareto_nbd,cdnow,,,,strict,freq_mae,0.5639693532630531,0.5505118316404505,0.577981937623266,23502,1000
pareto_nbd_cdnow,pareto_nbd,cdnow,,,,strict,freq_rmse,1.227367937201079,1.1690788956007847,1.2908729089070712,23502,1000
pareto_nbd_cdnow,pareto_nbd,cdnow,,,,strict,spend_mae_raw,20.417535317872105,19.769840763248524,21.077759966536053,23502,1000
bgnbd_gg_cdnow,bgnbd_gg,cdnow,,,,strict,bias_pct,7.749258877512243,4.7776165637129795,10.878367009156351,23502,1000
bgnbd_gg_cdnow,bgnbd_gg,cdnow,,,,strict,clv_decile_lift,5.682549061650176,5.470158469147683,5.899363358091919,23502,1000
bgnbd_gg_cdnow,bgnbd_gg,cdnow,,,,strict,clv_mae,19.623819347861218,19.00589507722719,20.256887691315196,23502,1000
bgnbd_gg_cdnow,bgnbd_gg,cdnow,,,,strict,clv_spearman,0.4925872383489976,0.48055946321138915,0.5043306761181993,23502,1000
bgnbd_gg_cdnow,bgnbd_gg,cdnow,,,,strict,freq_mae,0.5800447920018202,0.5661400476696774,0.5945882998357215,23502,1000
bgnbd_gg_cdnow,bgnbd_gg,cdnow,,,,strict,freq_rmse,1.242009887443835,1.184559832814739,1.3043145965303202,23502,1000
bgnbd_gg_cdnow,bgnbd_gg,cdnow,,,,strict,spend_mae_raw,20.05913903038645,19.431294002805807,20.709532986684607,23502,1000
pareto_ggg_cdnow,pareto_ggg,cdnow,,,,strict,bias_pct,13.654682293291327,3.4270109017285137,25.01151016306461,2349,1000
pareto_ggg_cdnow,pareto_ggg,cdnow,,,,strict,freq_mae,0.5501021719055956,0.5046075997659448,0.5951068535815447,2349,1000
pareto_ggg_cdnow,pareto_ggg,cdnow,,,,strict,freq_rmse,1.2724459316896386,1.1336181388050457,1.4210007967011462,2349,1000
pareto_nbd_dunnhumby,pareto_nbd,dunnhumby,,,,strict,bias_pct,-73.72207419500386,-75.27903097835728,-72.03933185378634,2498,1000
pareto_nbd_dunnhumby,pareto_nbd,dunnhumby,,,,strict,clv_decile_lift,2.1934042843269292,2.025316403575293,2.364931258186234,2498,1000
pareto_nbd_dunnhumby,pareto_nbd,dunnhumby,,,,strict,clv_mae,110.95166648298826,104.91446705619207,117.05079933158311,2498,1000
pareto_nbd_dunnhumby,pareto_nbd,dunnhumby,,,,strict,clv_spearman,0.25579111174153696,0.2086208639596669,0.3020638968691822,2498,1000
pareto_nbd_dunnhumby,pareto_nbd,dunnhumby,,,,strict,freq_mae,3.847224218179616,3.613381278784823,4.081571971428941,2498,1000
pareto_nbd_dunnhumby,pareto_nbd,dunnhumby,,,,strict,freq_rmse,6.964311171080449,6.343200994737789,7.584844212846903,2498,1000
pareto_nbd_dunnhumby,pareto_nbd,dunnhumby,,,,strict,spend_mae_raw,111.24744188163587,105.18968550642256,117.35978068388148,2498,1000
bgnbd_gg_dunnhumby,bgnbd_gg,dunnhumby,,,,strict,bias_pct,-1.3111684682020694,-4.603316847574031,2.2234095955338886,2498,1000
bgnbd_gg_dunnhumby,bgnbd_gg,dunnhumby,,,,strict,clv_decile_lift,3.305783866980568,3.1071440815450417,3.5199812963177113,2498,1000
bgnbd_gg_dunnhumby,bgnbd_gg,dunnhumby,,,,strict,clv_mae,70.55828522560151,67.53644000117995,73.69661529543438,2498,1000
bgnbd_gg_dunnhumby,bgnbd_gg,dunnhumby,,,,strict,clv_spearman,0.7305961145430244,0.7087923610560838,0.750353177840259,2498,1000
bgnbd_gg_dunnhumby,bgnbd_gg,dunnhumby,,,,strict,freq_mae,2.4164191594402724,2.2850692769163836,2.5445244189697376,2498,1000
bgnbd_gg_dunnhumby,bgnbd_gg,dunnhumby,,,,strict,freq_rmse,4.1398225547802765,3.6556707835459736,4.648588202592018,2498,1000
bgnbd_gg_dunnhumby,bgnbd_gg,dunnhumby,,,,strict,spend_mae_raw,70.74486910106069,67.71309337480955,73.895808942053,2498,1000
lstm_base_dunnhumby_v6_seed2024_sample,lstm_base,dunnhumby,v6,2024.0,sample,strict,bias_pct,10.643327349578495,7.383187214402685,14.369795455674693,2498,1000
lstm_base_dunnhumby_v6_seed2024_sample,lstm_base,dunnhumby,v6,2024.0,sample,strict,freq_mae,2.242186430978885,2.1252028124152664,2.360397965428058,2498,1000
lstm_base_dunnhumby_v6_seed2024_sample,lstm_base,dunnhumby,v6,2024.0,sample,strict,freq_rmse,3.7708567287080887,3.426140263696118,4.145331323853636,2498,1000
lstm_base_dunnhumby_v6_seed42_sample,lstm_base,dunnhumby,v6,42.0,sample,strict,bias_pct,10.133105929723797,7.182309995809698,13.018252038818837,2498,1000
lstm_base_dunnhumby_v6_seed42_sample,lstm_base,dunnhumby,v6,42.0,sample,strict,freq_mae,2.1539868473636807,2.043710268811368,2.260819738740743,2498,1000
lstm_base_dunnhumby_v6_seed42_sample,lstm_base,dunnhumby,v6,42.0,sample,strict,freq_rmse,3.525845051990967,3.253029340249076,3.819758419275713,2498,1000
lstm_base_dunnhumby_v6_seed7_sample,lstm_base,dunnhumby,v6,7.0,sample,strict,bias_pct,16.292626224520976,13.160946303595393,19.49342733711447,2498,1000
lstm_base_dunnhumby_v6_seed7_sample,lstm_base,dunnhumby,v6,7.0,sample,strict,freq_mae,2.2606338313411625,2.149984162895559,2.372556869533089,2498,1000
lstm_base_dunnhumby_v6_seed7_sample,lstm_base,dunnhumby,v6,7.0,sample,strict,freq_rmse,3.6413420158652823,3.345434281774895,4.0024096254950425,2498,1000
lstm_joint_dunnhumby_v6_seed2024_sample,lstm_joint,dunnhumby,v6,2024.0,sample,strict,bias_pct,7.554544905712703,3.971751446607043,11.244959997226678,2498,1000
lstm_joint_dunnhumby_v6_seed2024_sample,lstm_joint,dunnhumby,v6,2024.0,sample,strict,clv_decile_lift,3.4201156004895705,3.225192646712357,3.600569457106439,2498,1000
lstm_joint_dunnhumby_v6_seed2024_sample,lstm_joint,dunnhumby,v6,2024.0,sample,strict,clv_mae,63.894140296453855,60.872572156699235,66.8242896025984,2498,1000
lstm_joint_dunnhumby_v6_seed2024_sample,lstm_joint,dunnhumby,v6,2024.0,sample,strict,clv_spearman,0.7898188353925641,0.771555285773141,0.8071276216582911,2498,1000
lstm_joint_dunnhumby_v6_seed2024_sample,lstm_joint,dunnhumby,v6,2024.0,sample,strict,freq_mae,2.3068993666960154,2.180373743214451,2.4350365172142907,2498,1000
lstm_joint_dunnhumby_v6_seed2024_sample,lstm_joint,dunnhumby,v6,2024.0,sample,strict,freq_rmse,4.134013813358146,3.5849188029042565,4.707021579909947,2498,1000
lstm_joint_dunnhumby_v6_seed2024_sample,lstm_joint,dunnhumby,v6,2024.0,sample,strict,spend_mae_raw,64.0661441254988,61.04083549950579,66.99847484229802,2498,1000
lstm_joint_dunnhumby_v6_seed42_sample,lstm_joint,dunnhumby,v6,42.0,sample,strict,bias_pct,7.500876563807041,4.1214927392324165,11.112679884454849,2498,1000
lstm_joint_dunnhumby_v6_seed42_sample,lstm_joint,dunnhumby,v6,42.0,sample,strict,clv_decile_lift,3.3792963325800236,3.189254536548369,3.5683569081350095,2498,1000
lstm_joint_dunnhumby_v6_seed42_sample,lstm_joint,dunnhumby,v6,42.0,sample,strict,clv_mae,65.08578104782906,61.93761070292649,68.31843506242033,2498,1000
lstm_joint_dunnhumby_v6_seed42_sample,lstm_joint,dunnhumby,v6,42.0,sample,strict,clv_spearman,0.7908423136088616,0.7729147262021451,0.8077877767129791,2498,1000
lstm_joint_dunnhumby_v6_seed42_sample,lstm_joint,dunnhumby,v6,42.0,sample,strict,freq_mae,2.2883854684717444,2.1777163991194555,2.4125764278796025,2498,1000
lstm_joint_dunnhumby_v6_seed42_sample,lstm_joint,dunnhumby,v6,42.0,sample,strict,freq_rmse,3.9579012952633184,3.5217459686013206,4.4310501563473785,2498,1000
lstm_joint_dunnhumby_v6_seed42_sample,lstm_joint,dunnhumby,v6,42.0,sample,strict,spend_mae_raw,65.26178736735383,62.10800568191551,68.49864125064222,2498,1000
lstm_joint_dunnhumby_v6_seed7_sample,lstm_joint,dunnhumby,v6,7.0,sample,strict,bias_pct,10.097253366594385,6.965469325002099,13.35416071904448,2498,1000
lstm_joint_dunnhumby_v6_seed7_sample,lstm_joint,dunnhumby,v6,7.0,sample,strict,clv_decile_lift,3.4070275503806458,3.2151619052554397,3.6108464191097602,2498,1000
lstm_joint_dunnhumby_v6_seed7_sample,lstm_joint,dunnhumby,v6,7.0,sample,strict,clv_mae,64.93573184429502,61.97695819417341,68.02430674435855,2498,1000
lstm_joint_dunnhumby_v6_seed7_sample,lstm_joint,dunnhumby,v6,7.0,sample,strict,clv_spearman,0.7894048104950633,0.7719387019377395,0.8059787796157538,2498,1000
lstm_joint_dunnhumby_v6_seed7_sample,lstm_joint,dunnhumby,v6,7.0,sample,strict,freq_mae,2.1952576159094694,2.0925484816868116,2.298156382870585,2498,1000
lstm_joint_dunnhumby_v6_seed7_sample,lstm_joint,dunnhumby,v6,7.0,sample,strict,freq_rmse,3.4929904463140073,3.179702728743973,3.8214203831105014,2498,1000
lstm_joint_dunnhumby_v6_seed7_sample,lstm_joint,dunnhumby,v6,7.0,sample,strict,spend_mae_raw,65.11277081443369,62.14691606970479,68.2091209025551,2498,1000
transformer_joint_dunnhumby_v7_twostage_seed2024_sample,transformer_joint,dunnhumby,v7_twostage,2024.0,sample,strict,bias_pct,6.1857581745476695,3.3116180927245553,9.36037638233074,2498,1000
transformer_joint_dunnhumby_v7_twostage_seed2024_sample,transformer_joint,dunnhumby,v7_twostage,2024.0,sample,strict,clv_decile_lift,3.222922606781635,3.027600213260133,3.410328301827667,2498,1000
transformer_joint_dunnhumby_v7_twostage_seed2024_sample,transformer_joint,dunnhumby,v7_twostage,2024.0,sample,strict,clv_mae,76.8418901821582,73.29258276630549,80.39863919804723,2498,1000
transformer_joint_dunnhumby_v7_twostage_seed2024_sample,transformer_joint,dunnhumby,v7_twostage,2024.0,sample,strict,clv_spearman,0.7577232145059521,0.7372090274528132,0.7771094371509943,2498,1000
transformer_joint_dunnhumby_v7_twostage_seed2024_sample,transformer_joint,dunnhumby,v7_twostage,2024.0,sample,strict,freq_mae,2.1698019057035065,2.0486567550726544,2.28614747773847,2498,1000
transformer_joint_dunnhumby_v7_twostage_seed2024_sample,transformer_joint,dunnhumby,v7_twostage,2024.0,sample,strict,freq_rmse,3.6356192478332403,3.2695277574873653,3.9926650898977205,2498,1000
transformer_joint_dunnhumby_v7_twostage_seed2024_sample,transformer_joint,dunnhumby,v7_twostage,2024.0,sample,strict,spend_mae_raw,77.0543396893838,73.49791247739469,80.61629148055138,2498,1000
transformer_joint_dunnhumby_v7_twostage_seed42_sample,transformer_joint,dunnhumby,v7_twostage,42.0,sample,strict,bias_pct,5.877404670121846,2.7447544901007865,9.090987072714594,2498,1000
transformer_joint_dunnhumby_v7_twostage_seed42_sample,transformer_joint,dunnhumby,v7_twostage,42.0,sample,strict,clv_decile_lift,3.183645220709787,3.000428408848281,3.3791106053366655,2498,1000
transformer_joint_dunnhumby_v7_twostage_seed42_sample,transformer_joint,dunnhumby,v7_twostage,42.0,sample,strict,clv_mae,73.94171281083761,70.43694326221657,77.36829043757425,2498,1000
transformer_joint_dunnhumby_v7_twostage_seed42_sample,transformer_joint,dunnhumby,v7_twostage,42.0,sample,strict,clv_spearman,0.7589471479067055,0.7395718822429221,0.7780612564368969,2498,1000
transformer_joint_dunnhumby_v7_twostage_seed42_sample,transformer_joint,dunnhumby,v7_twostage,42.0,sample,strict,freq_mae,2.2318574129592617,2.1089666526900714,2.3496129179690657,2498,1000
transformer_joint_dunnhumby_v7_twostage_seed42_sample,transformer_joint,dunnhumby,v7_twostage,42.0,sample,strict,freq_rmse,3.7532793288947603,3.354412061538742,4.154653465760019,2498,1000
transformer_joint_dunnhumby_v7_twostage_seed42_sample,transformer_joint,dunnhumby,v7_twostage,42.0,sample,strict,spend_mae_raw,74.14338527687842,70.62557526879233,77.58210877719357,2498,1000
transformer_joint_dunnhumby_v7_twostage_seed7_sample,transformer_joint,dunnhumby,v7_twostage,7.0,sample,strict,bias_pct,11.744103381144148,8.794151324382565,14.984230021584066,2498,1000
transformer_joint_dunnhumby_v7_twostage_seed7_sample,transformer_joint,dunnhumby,v7_twostage,7.0,sample,strict,clv_decile_lift,3.240338771622611,3.0273914466007916,3.418228928712903,2498,1000
transformer_joint_dunnhumby_v7_twostage_seed7_sample,transformer_joint,dunnhumby,v7_twostage,7.0,sample,strict,clv_mae,71.9895286718018,68.43923448443613,75.64691526921774,2498,1000
transformer_joint_dunnhumby_v7_twostage_seed7_sample,transformer_joint,dunnhumby,v7_twostage,7.0,sample,strict,clv_spearman,0.7571744944353821,0.7378831088683493,0.7766345972082274,2498,1000
transformer_joint_dunnhumby_v7_twostage_seed7_sample,transformer_joint,dunnhumby,v7_twostage,7.0,sample,strict,freq_mae,2.2028823726183417,2.0910434787252616,2.307998677671218,2498,1000
transformer_joint_dunnhumby_v7_twostage_seed7_sample,transformer_joint,dunnhumby,v7_twostage,7.0,sample,strict,freq_rmse,3.5518134368761576,3.2660524868156826,3.8498409297288676,2498,1000
transformer_joint_dunnhumby_v7_twostage_seed7_sample,transformer_joint,dunnhumby,v7_twostage,7.0,sample,strict,spend_mae_raw,72.18228157811028,68.6200651622466,75.84838278291693,2498,1000
extension3_lstm_dynamic_dunnhumby_v8_seed2024_sample,extension3_lstm_dynamic,dunnhumby,v8,2024.0,sample,strict,bias_pct,-9.283371077507804,-12.053605311944036,-6.541794317826076,2498,1000
extension3_lstm_dynamic_dunnhumby_v8_seed2024_sample,extension3_lstm_dynamic,dunnhumby,v8,2024.0,sample,strict,clv_decile_lift,3.375219449834652,3.195341138022106,3.5640318968733897,2498,1000
extension3_lstm_dynamic_dunnhumby_v8_seed2024_sample,extension3_lstm_dynamic,dunnhumby,v8,2024.0,sample,strict,clv_mae,67.09168150849204,63.87341958809915,70.50290541047032,2498,1000
extension3_lstm_dynamic_dunnhumby_v8_seed2024_sample,extension3_lstm_dynamic,dunnhumby,v8,2024.0,sample,strict,clv_spearman,0.7935482417559465,0.7758209088465917,0.8106324981104757,2498,1000
extension3_lstm_dynamic_dunnhumby_v8_seed2024_sample,extension3_lstm_dynamic,dunnhumby,v8,2024.0,sample,strict,freq_mae,2.0225209216501496,1.9185428480561777,2.1201836579779405,2498,1000
extension3_lstm_dynamic_dunnhumby_v8_seed2024_sample,extension3_lstm_dynamic,dunnhumby,v8,2024.0,sample,strict,freq_rmse,3.3863751109939715,3.0476522610294716,3.7193342458259746,2498,1000
extension3_lstm_dynamic_dunnhumby_v8_seed2024_sample,extension3_lstm_dynamic,dunnhumby,v8,2024.0,sample,strict,spend_mae_raw,67.2720457493209,64.04333959058691,70.6866356170045,2498,1000
extension3_lstm_dynamic_dunnhumby_v8_seed42_sample,extension3_lstm_dynamic,dunnhumby,v8,42.0,sample,strict,bias_pct,-3.509409803861998,-6.099650378186324,-0.8592072003901462,2498,1000
extension3_lstm_dynamic_dunnhumby_v8_seed42_sample,extension3_lstm_dynamic,dunnhumby,v8,42.0,sample,strict,clv_decile_lift,3.412770884311708,3.219281475226806,3.587090008637353,2498,1000
extension3_lstm_dynamic_dunnhumby_v8_seed42_sample,extension3_lstm_dynamic,dunnhumby,v8,42.0,sample,strict,clv_mae,66.05062957233291,62.947265220755,69.1922515250128,2498,1000
extension3_lstm_dynamic_dunnhumby_v8_seed42_sample,extension3_lstm_dynamic,dunnhumby,v8,42.0,sample,strict,clv_spearman,0.7936335729643739,0.7758588906399957,0.8100295331120902,2498,1000
extension3_lstm_dynamic_dunnhumby_v8_seed42_sample,extension3_lstm_dynamic,dunnhumby,v8,42.0,sample,strict,freq_mae,1.9708174014146371,1.872916416359694,2.06596630511282,2498,1000
extension3_lstm_dynamic_dunnhumby_v8_seed42_sample,extension3_lstm_dynamic,dunnhumby,v8,42.0,sample,strict,freq_rmse,3.149187326157326,2.8780360558936335,3.4642299284015343,2498,1000
extension3_lstm_dynamic_dunnhumby_v8_seed42_sample,extension3_lstm_dynamic,dunnhumby,v8,42.0,sample,strict,spend_mae_raw,66.23051338006344,63.115151125772464,69.38554089462535,2498,1000
extension3_lstm_dynamic_dunnhumby_v8_seed7_sample,extension3_lstm_dynamic,dunnhumby,v8,7.0,sample,strict,bias_pct,-1.5805112722648604,-4.290399948642079,1.1192508971217567,2498,1000
extension3_lstm_dynamic_dunnhumby_v8_seed7_sample,extension3_lstm_dynamic,dunnhumby,v8,7.0,sample,strict,clv_decile_lift,3.4018711032452376,3.2076534969218495,3.572122249195166,2498,1000
extension3_lstm_dynamic_dunnhumby_v8_seed7_sample,extension3_lstm_dynamic,dunnhumby,v8,7.0,sample,strict,clv_mae,66.46139022240264,63.493236767454704,69.71163709586183,2498,1000
extension3_lstm_dynamic_dunnhumby_v8_seed7_sample,extension3_lstm_dynamic,dunnhumby,v8,7.0,sample,strict,clv_spearman,0.789698193736766,0.7711346312084558,0.8071579419851651,2498,1000
extension3_lstm_dynamic_dunnhumby_v8_seed7_sample,extension3_lstm_dynamic,dunnhumby,v8,7.0,sample,strict,freq_mae,1.9951257585667914,1.8974113236008445,2.093216602357956,2498,1000
extension3_lstm_dynamic_dunnhumby_v8_seed7_sample,extension3_lstm_dynamic,dunnhumby,v8,7.0,sample,strict,freq_rmse,3.228917168811291,2.9517080345341435,3.529430997258913,2498,1000
extension3_lstm_dynamic_dunnhumby_v8_seed7_sample,extension3_lstm_dynamic,dunnhumby,v8,7.0,sample,strict,spend_mae_raw,66.6403685237428,63.65966872181341,69.90507157183498,2498,1000
extension3_lstm_full_dunnhumby_v8_seed2024_sample,extension3_lstm_full,dunnhumby,v8,2024.0,sample,strict,bias_pct,-3.745216573055111,-6.3218201275914545,-0.8956013386549475,2498,1000
extension3_lstm_full_dunnhumby_v8_seed2024_sample,extension3_lstm_full,dunnhumby,v8,2024.0,sample,strict,clv_decile_lift,3.3855098453866646,3.1918579366132485,3.5593673308486236,2498,1000
extension3_lstm_full_dunnhumby_v8_seed2024_sample,extension3_lstm_full,dunnhumby,v8,2024.0,sample,strict,clv_mae,65.69871398541716,62.43029128945737,68.92617664209621,2498,1000
extension3_lstm_full_dunnhumby_v8_seed2024_sample,extension3_lstm_full,dunnhumby,v8,2024.0,sample,strict,clv_spearman,0.7949113930751939,0.7766980035571587,0.8114479843535453,2498,1000
extension3_lstm_full_dunnhumby_v8_seed2024_sample,extension3_lstm_full,dunnhumby,v8,2024.0,sample,strict,freq_mae,2.0415176210031687,1.9340204551019256,2.1412824023852393,2498,1000
extension3_lstm_full_dunnhumby_v8_seed2024_sample,extension3_lstm_full,dunnhumby,v8,2024.0,sample,strict,freq_rmse,3.3593713335594537,3.0466738861405767,3.654889687620144,2498,1000
extension3_lstm_full_dunnhumby_v8_seed2024_sample,extension3_lstm_full,dunnhumby,v8,2024.0,sample,strict,spend_mae_raw,65.8761622589335,62.60304420543633,69.11656274581858,2498,1000
extension3_lstm_full_dunnhumby_v8_seed42_sample,extension3_lstm_full,dunnhumby,v8,42.0,sample,strict,bias_pct,-2.9915648002950648,-5.5858972713083865,-0.3863490149038333,2498,1000
extension3_lstm_full_dunnhumby_v8_seed42_sample,extension3_lstm_full,dunnhumby,v8,42.0,sample,strict,clv_decile_lift,3.390441090423004,3.1949502440709243,3.5627924213467965,2498,1000
extension3_lstm_full_dunnhumby_v8_seed42_sample,extension3_lstm_full,dunnhumby,v8,42.0,sample,strict,clv_mae,65.21135199661728,62.11823400123965,68.23524017287336,2498,1000
extension3_lstm_full_dunnhumby_v8_seed42_sample,extension3_lstm_full,dunnhumby,v8,42.0,sample,strict,clv_spearman,0.7949987463901786,0.7768642496692292,0.8114475353921721,2498,1000
extension3_lstm_full_dunnhumby_v8_seed42_sample,extension3_lstm_full,dunnhumby,v8,42.0,sample,strict,freq_mae,1.9612493030667257,1.8628597521022545,2.0578173905867545,2498,1000
extension3_lstm_full_dunnhumby_v8_seed42_sample,extension3_lstm_full,dunnhumby,v8,42.0,sample,strict,freq_rmse,3.148804448835501,2.8688685544788175,3.473241747767138,2498,1000
extension3_lstm_full_dunnhumby_v8_seed42_sample,extension3_lstm_full,dunnhumby,v8,42.0,sample,strict,spend_mae_raw,65.38717140666574,62.278861861095564,68.42412433119728,2498,1000
extension3_lstm_full_dunnhumby_v8_seed7_sample,extension3_lstm_full,dunnhumby,v8,7.0,sample,strict,bias_pct,-4.080348584871247,-6.822452641125171,-1.3262573975131071,2498,1000
extension3_lstm_full_dunnhumby_v8_seed7_sample,extension3_lstm_full,dunnhumby,v8,7.0,sample,strict,clv_decile_lift,3.4264046910762676,3.219541385730966,3.5840106190792027,2498,1000
extension3_lstm_full_dunnhumby_v8_seed7_sample,extension3_lstm_full,dunnhumby,v8,7.0,sample,strict,clv_mae,66.68353147729574,63.46149181974492,70.10048041305392,2498,1000
extension3_lstm_full_dunnhumby_v8_seed7_sample,extension3_lstm_full,dunnhumby,v8,7.0,sample,strict,clv_spearman,0.7946498487225796,0.7771201068182064,0.8111066941786447,2498,1000
extension3_lstm_full_dunnhumby_v8_seed7_sample,extension3_lstm_full,dunnhumby,v8,7.0,sample,strict,freq_mae,1.9841018823296834,1.885167006663926,2.0830986144527825,2498,1000
extension3_lstm_full_dunnhumby_v8_seed7_sample,extension3_lstm_full,dunnhumby,v8,7.0,sample,strict,freq_rmse,3.2235855260783426,2.9475068320730378,3.529547490496193,2498,1000
extension3_lstm_full_dunnhumby_v8_seed7_sample,extension3_lstm_full,dunnhumby,v8,7.0,sample,strict,spend_mae_raw,66.8619576407443,63.629281602044095,70.29009148117252,2498,1000
extension3_lstm_none_dunnhumby_v8_seed2024_sample,extension3_lstm_none,dunnhumby,v8,2024.0,sample,strict,bias_pct,-9.518354061571756,-12.263458307515695,-6.851071313729363,2498,1000
extension3_lstm_none_dunnhumby_v8_seed2024_sample,extension3_lstm_none,dunnhumby,v8,2024.0,sample,strict,clv_decile_lift,3.3631563861821845,3.1770676142056073,3.5543078316703918,2498,1000
extension3_lstm_none_dunnhumby_v8_seed2024_sample,extension3_lstm_none,dunnhumby,v8,2024.0,sample,strict,clv_mae,67.13414031236147,63.99242538838827,70.5162981356987,2498,1000
extension3_lstm_none_dunnhumby_v8_seed2024_sample,extension3_lstm_none,dunnhumby,v8,2024.0,sample,strict,clv_spearman,0.7937206017703716,0.7756833533318165,0.8111141680843098,2498,1000
extension3_lstm_none_dunnhumby_v8_seed2024_sample,extension3_lstm_none,dunnhumby,v8,2024.0,sample,strict,freq_mae,2.028833985283935,1.9207419512117858,2.136052261275486,2498,1000
extension3_lstm_none_dunnhumby_v8_seed2024_sample,extension3_lstm_none,dunnhumby,v8,2024.0,sample,strict,freq_rmse,3.434952271057545,3.0861647667286722,3.7856667885716178,2498,1000
extension3_lstm_none_dunnhumby_v8_seed2024_sample,extension3_lstm_none,dunnhumby,v8,2024.0,sample,strict,spend_mae_raw,67.31514407454537,64.1647411863866,70.70217330881758,2498,1000
extension3_lstm_none_dunnhumby_v8_seed42_sample,extension3_lstm_none,dunnhumby,v8,42.0,sample,strict,bias_pct,-2.1566944418354534,-4.614426082835807,0.4771622585409305,2498,1000
extension3_lstm_none_dunnhumby_v8_seed42_sample,extension3_lstm_none,dunnhumby,v8,42.0,sample,strict,clv_decile_lift,3.383839053042177,3.1883292247123203,3.5719638763096015,2498,1000
extension3_lstm_none_dunnhumby_v8_seed42_sample,extension3_lstm_none,dunnhumby,v8,42.0,sample,strict,clv_mae,65.94296999670583,62.82285118891393,69.08816922290073,2498,1000
extension3_lstm_none_dunnhumby_v8_seed42_sample,extension3_lstm_none,dunnhumby,v8,42.0,sample,strict,clv_spearman,0.7922816883035438,0.7744173065157877,0.8091043578770869,2498,1000
extension3_lstm_none_dunnhumby_v8_seed42_sample,extension3_lstm_none,dunnhumby,v8,42.0,sample,strict,freq_mae,1.9724291673092673,1.8722547719321825,2.0678263931840157,2498,1000
extension3_lstm_none_dunnhumby_v8_seed42_sample,extension3_lstm_none,dunnhumby,v8,42.0,sample,strict,freq_rmse,3.161789396428211,2.8795663913762697,3.4791236736194335,2498,1000
extension3_lstm_none_dunnhumby_v8_seed42_sample,extension3_lstm_none,dunnhumby,v8,42.0,sample,strict,spend_mae_raw,66.1224564274518,62.998796720243845,69.27882967057397,2498,1000
extension3_lstm_none_dunnhumby_v8_seed7_sample,extension3_lstm_none,dunnhumby,v8,7.0,sample,strict,bias_pct,-1.5302691470914473,-4.183332145387696,1.1443226473172388,2498,1000
extension3_lstm_none_dunnhumby_v8_seed7_sample,extension3_lstm_none,dunnhumby,v8,7.0,sample,strict,clv_decile_lift,3.398384099865575,3.223588860578514,3.5908212139323616,2498,1000
extension3_lstm_none_dunnhumby_v8_seed7_sample,extension3_lstm_none,dunnhumby,v8,7.0,sample,strict,clv_mae,67.15761993728799,64.06304628277977,70.54735017409317,2498,1000
extension3_lstm_none_dunnhumby_v8_seed7_sample,extension3_lstm_none,dunnhumby,v8,7.0,sample,strict,clv_spearman,0.787811471817158,0.76956946353307,0.8046818616758401,2498,1000
extension3_lstm_none_dunnhumby_v8_seed7_sample,extension3_lstm_none,dunnhumby,v8,7.0,sample,strict,freq_mae,1.9935138016473875,1.8944930987775226,2.0925553394077023,2498,1000
extension3_lstm_none_dunnhumby_v8_seed7_sample,extension3_lstm_none,dunnhumby,v8,7.0,sample,strict,freq_rmse,3.2189964435545466,2.941540709724522,3.5137731546048694,2498,1000
extension3_lstm_none_dunnhumby_v8_seed7_sample,extension3_lstm_none,dunnhumby,v8,7.0,sample,strict,spend_mae_raw,67.33868030560694,64.23718302305267,70.74046120302762,2498,1000
extension3_lstm_static_dunnhumby_v8_seed2024_sample,extension3_lstm_static,dunnhumby,v8,2024.0,sample,strict,bias_pct,-3.4147478067730317,-6.035612176008722,-0.6457976148760564,2498,1000
extension3_lstm_static_dunnhumby_v8_seed2024_sample,extension3_lstm_static,dunnhumby,v8,2024.0,sample,strict,clv_decile_lift,3.3563924465886927,3.1817511545976576,3.554665462655921,2498,1000
extension3_lstm_static_dunnhumby_v8_seed2024_sample,extension3_lstm_static,dunnhumby,v8,2024.0,sample,strict,clv_mae,65.65298206563756,62.61146446028359,68.8740676330234,2498,1000
extension3_lstm_static_dunnhumby_v8_seed2024_sample,extension3_lstm_static,dunnhumby,v8,2024.0,sample,strict,clv_spearman,0.7941849483382485,0.7753807916670838,0.8105392583611911,2498,1000
extension3_lstm_static_dunnhumby_v8_seed2024_sample,extension3_lstm_static,dunnhumby,v8,2024.0,sample,strict,freq_mae,2.016561467597206,1.910353661949237,2.11330305413642,2498,1000
extension3_lstm_static_dunnhumby_v8_seed2024_sample,extension3_lstm_static,dunnhumby,v8,2024.0,sample,strict,freq_rmse,3.2891786240488754,2.9825674493740904,3.595202389831363,2498,1000
extension3_lstm_static_dunnhumby_v8_seed2024_sample,extension3_lstm_static,dunnhumby,v8,2024.0,sample,strict,spend_mae_raw,65.83043877886618,62.784970690681035,69.06489561131662,2498,1000
extension3_lstm_static_dunnhumby_v8_seed42_sample,extension3_lstm_static,dunnhumby,v8,42.0,sample,strict,bias_pct,-3.220734895631229,-5.770471920427366,-0.5898949834684561,2498,1000
extension3_lstm_static_dunnhumby_v8_seed42_sample,extension3_lstm_static,dunnhumby,v8,42.0,sample,strict,clv_decile_lift,3.3889412219303927,3.201539096911471,3.58629845272844,2498,1000
extension3_lstm_static_dunnhumby_v8_seed42_sample,extension3_lstm_static,dunnhumby,v8,42.0,sample,strict,clv_mae,65.97532763430554,62.81787325241286,69.16608781264462,2498,1000
extension3_lstm_static_dunnhumby_v8_seed42_sample,extension3_lstm_static,dunnhumby,v8,42.0,sample,strict,clv_spearman,0.7962576216687414,0.7790465746233358,0.8131287787736184,2498,1000
extension3_lstm_static_dunnhumby_v8_seed42_sample,extension3_lstm_static,dunnhumby,v8,42.0,sample,strict,freq_mae,1.971141575421807,1.8720957371373075,2.0658769377947204,2498,1000
extension3_lstm_static_dunnhumby_v8_seed42_sample,extension3_lstm_static,dunnhumby,v8,42.0,sample,strict,freq_rmse,3.1544927072577917,2.8764128167901015,3.471770303946095,2498,1000
extension3_lstm_static_dunnhumby_v8_seed42_sample,extension3_lstm_static,dunnhumby,v8,42.0,sample,strict,spend_mae_raw,66.15341726062391,62.988651960667035,69.34853716110042,2498,1000
extension3_lstm_static_dunnhumby_v8_seed7_sample,extension3_lstm_static,dunnhumby,v8,7.0,sample,strict,bias_pct,-1.5291390201890203,-4.185133725017019,1.2682155243526883,2498,1000
extension3_lstm_static_dunnhumby_v8_seed7_sample,extension3_lstm_static,dunnhumby,v8,7.0,sample,strict,clv_decile_lift,3.3804486722089755,3.1948839643822056,3.5638040964014106,2498,1000
extension3_lstm_static_dunnhumby_v8_seed7_sample,extension3_lstm_static,dunnhumby,v8,7.0,sample,strict,clv_mae,65.99578574755556,62.88891134437224,69.27697651632506,2498,1000
extension3_lstm_static_dunnhumby_v8_seed7_sample,extension3_lstm_static,dunnhumby,v8,7.0,sample,strict,clv_spearman,0.7921777649707586,0.773798365582947,0.8084270415711146,2498,1000
extension3_lstm_static_dunnhumby_v8_seed7_sample,extension3_lstm_static,dunnhumby,v8,7.0,sample,strict,freq_mae,1.9860676627627032,1.8901046528676309,2.087325684788202,2498,1000
extension3_lstm_static_dunnhumby_v8_seed7_sample,extension3_lstm_static,dunnhumby,v8,7.0,sample,strict,freq_rmse,3.221302584964617,2.942338452893142,3.523290813151792,2498,1000
extension3_lstm_static_dunnhumby_v8_seed7_sample,extension3_lstm_static,dunnhumby,v8,7.0,sample,strict,spend_mae_raw,66.17446694806445,63.05774363718444,69.4653731105284,2498,1000
extension3_transformer_dynamic_dunnhumby_v8_seed2024_sample,extension3_transformer_dynamic,dunnhumby,v8,2024.0,sample,strict,bias_pct,-2.982384936364413,-5.866307333286981,-0.04244353813183747,2498,1000
extension3_transformer_dynamic_dunnhumby_v8_seed2024_sample,extension3_transformer_dynamic,dunnhumby,v8,2024.0,sample,strict,clv_decile_lift,3.3719054175766563,3.184453841643952,3.560808198004446,2498,1000
extension3_transformer_dynamic_dunnhumby_v8_seed2024_sample,extension3_transformer_dynamic,dunnhumby,v8,2024.0,sample,strict,clv_mae,67.72647965890918,64.3915666313241,71.16359212622017,2498,1000
extension3_transformer_dynamic_dunnhumby_v8_seed2024_sample,extension3_transformer_dynamic,dunnhumby,v8,2024.0,sample,strict,clv_spearman,0.789956546094927,0.7705264185863593,0.8066841328493737,2498,1000
extension3_transformer_dynamic_dunnhumby_v8_seed2024_sample,extension3_transformer_dynamic,dunnhumby,v8,2024.0,sample,strict,freq_mae,2.0900557478449886,1.9810917296232113,2.204911586417227,2498,1000
extension3_transformer_dynamic_dunnhumby_v8_seed2024_sample,extension3_transformer_dynamic,dunnhumby,v8,2024.0,sample,strict,freq_rmse,3.5808021817208373,3.2594923177900696,3.9290694879651578,2498,1000
extension3_transformer_dynamic_dunnhumby_v8_seed2024_sample,extension3_transformer_dynamic,dunnhumby,v8,2024.0,sample,strict,spend_mae_raw,67.90933448752706,64.56419387681751,71.3555941727087,2498,1000
extension3_transformer_dynamic_dunnhumby_v8_seed42_sample,extension3_transformer_dynamic,dunnhumby,v8,42.0,sample,strict,bias_pct,-5.6965834138264775,-8.282611743763583,-2.9552023951363275,2498,1000
extension3_transformer_dynamic_dunnhumby_v8_seed42_sample,extension3_transformer_dynamic,dunnhumby,v8,42.0,sample,strict,clv_decile_lift,3.3900892674123364,3.208159541315917,3.579116069542345,2498,1000
extension3_transformer_dynamic_dunnhumby_v8_seed42_sample,extension3_transformer_dynamic,dunnhumby,v8,42.0,sample,strict,clv_mae,67.37075491799555,63.92176120367477,70.75748954234814,2498,1000
extension3_transformer_dynamic_dunnhumby_v8_seed42_sample,extension3_transformer_dynamic,dunnhumby,v8,42.0,sample,strict,clv_spearman,0.7869259108968656,0.7677250004010877,0.8037669399920397,2498,1000
extension3_transformer_dynamic_dunnhumby_v8_seed42_sample,extension3_transformer_dynamic,dunnhumby,v8,42.0,sample,strict,freq_mae,2.0373104046493338,1.9337702824994758,2.1416162274573205,2498,1000
extension3_transformer_dynamic_dunnhumby_v8_seed42_sample,extension3_transformer_dynamic,dunnhumby,v8,42.0,sample,strict,freq_rmse,3.3748050440727204,3.0510450992972897,3.740525026041025,2498,1000
extension3_transformer_dynamic_dunnhumby_v8_seed42_sample,extension3_transformer_dynamic,dunnhumby,v8,42.0,sample,strict,spend_mae_raw,67.55238514154362,64.09598052071256,70.94682885275196,2498,1000
extension3_transformer_dynamic_dunnhumby_v8_seed7_sample,extension3_transformer_dynamic,dunnhumby,v8,7.0,sample,strict,bias_pct,0.7252264123992377,-2.0275656781924294,3.499998090055095,2498,1000
extension3_transformer_dynamic_dunnhumby_v8_seed7_sample,extension3_transformer_dynamic,dunnhumby,v8,7.0,sample,strict,clv_decile_lift,3.3790818300116214,3.1964664461650965,3.58584884728314,2498,1000
extension3_transformer_dynamic_dunnhumby_v8_seed7_sample,extension3_transformer_dynamic,dunnhumby,v8,7.0,sample,strict,clv_mae,65.0247927720877,61.889950265757456,68.26868284414049,2498,1000
extension3_transformer_dynamic_dunnhumby_v8_seed7_sample,extension3_transformer_dynamic,dunnhumby,v8,7.0,sample,strict,clv_spearman,0.7867855679166708,0.7675918185764532,0.8033536566695703,2498,1000
extension3_transformer_dynamic_dunnhumby_v8_seed7_sample,extension3_transformer_dynamic,dunnhumby,v8,7.0,sample,strict,freq_mae,2.050868776754392,1.95176559826471,2.146864884634472,2498,1000
extension3_transformer_dynamic_dunnhumby_v8_seed7_sample,extension3_transformer_dynamic,dunnhumby,v8,7.0,sample,strict,freq_rmse,3.317340853800975,3.0218283415402794,3.6311931637509716,2498,1000
extension3_transformer_dynamic_dunnhumby_v8_seed7_sample,extension3_transformer_dynamic,dunnhumby,v8,7.0,sample,strict,spend_mae_raw,65.19731892524861,62.05511125089695,68.45386139151273,2498,1000
extension3_transformer_full_dunnhumby_v8_seed2024_sample,extension3_transformer_full,dunnhumby,v8,2024.0,sample,strict,bias_pct,-4.718365234064285,-7.574933599260687,-1.8281950327727625,2498,1000
extension3_transformer_full_dunnhumby_v8_seed2024_sample,extension3_transformer_full,dunnhumby,v8,2024.0,sample,strict,clv_decile_lift,3.386090834239718,3.1897763591653834,3.581321325165227,2498,1000
extension3_transformer_full_dunnhumby_v8_seed2024_sample,extension3_transformer_full,dunnhumby,v8,2024.0,sample,strict,clv_mae,67.12115151775753,63.87873335445853,70.36961602652914,2498,1000
extension3_transformer_full_dunnhumby_v8_seed2024_sample,extension3_transformer_full,dunnhumby,v8,2024.0,sample,strict,clv_spearman,0.7901522538384639,0.771352492484705,0.8068483623464257,2498,1000
extension3_transformer_full_dunnhumby_v8_seed2024_sample,extension3_transformer_full,dunnhumby,v8,2024.0,sample,strict,freq_mae,2.0879801065713957,1.9745875586837596,2.1978420403394536,2498,1000
extension3_transformer_full_dunnhumby_v8_seed2024_sample,extension3_transformer_full,dunnhumby,v8,2024.0,sample,strict,freq_rmse,3.5568495898293393,3.2258750572513533,3.905416751209602,2498,1000
extension3_transformer_full_dunnhumby_v8_seed2024_sample,extension3_transformer_full,dunnhumby,v8,2024.0,sample,strict,spend_mae_raw,67.29989766522203,64.04681522996188,70.55749113373875,2498,1000
extension3_transformer_full_dunnhumby_v8_seed42_sample,extension3_transformer_full,dunnhumby,v8,42.0,sample,strict,bias_pct,-8.855638514847728,-11.446098658705115,-6.134436457874672,2498,1000
extension3_transformer_full_dunnhumby_v8_seed42_sample,extension3_transformer_full,dunnhumby,v8,42.0,sample,strict,clv_decile_lift,3.3850911912106874,3.1825113705283616,3.569990314925471,2498,1000
extension3_transformer_full_dunnhumby_v8_seed42_sample,extension3_transformer_full,dunnhumby,v8,42.0,sample,strict,clv_mae,68.25126624567878,64.81421813167947,71.56347591102934,2498,1000
extension3_transformer_full_dunnhumby_v8_seed42_sample,extension3_transformer_full,dunnhumby,v8,42.0,sample,strict,clv_spearman,0.7924235065295091,0.7742223259223819,0.8085751146440359,2498,1000
extension3_transformer_full_dunnhumby_v8_seed42_sample,extension3_transformer_full,dunnhumby,v8,42.0,sample,strict,freq_mae,2.035465309597713,1.9325470480330442,2.1368118502291362,2498,1000
extension3_transformer_full_dunnhumby_v8_seed42_sample,extension3_transformer_full,dunnhumby,v8,42.0,sample,strict,freq_rmse,3.393218835025355,3.060107525251971,3.768815489804955,2498,1000
extension3_transformer_full_dunnhumby_v8_seed42_sample,extension3_transformer_full,dunnhumby,v8,42.0,sample,strict,spend_mae_raw,68.43845605951628,64.98693077950131,71.75928329379559,2498,1000
extension3_transformer_full_dunnhumby_v8_seed7_sample,extension3_transformer_full,dunnhumby,v8,7.0,sample,strict,bias_pct,-5.338592639925947,-7.9300523094802475,-2.675036335500874,2498,1000
extension3_transformer_full_dunnhumby_v8_seed7_sample,extension3_transformer_full,dunnhumby,v8,7.0,sample,strict,clv_decile_lift,3.3790559562427815,3.1869868097393836,3.5641010322670317,2498,1000
extension3_transformer_full_dunnhumby_v8_seed7_sample,extension3_transformer_full,dunnhumby,v8,7.0,sample,strict,clv_mae,66.26359072466008,62.91049359820968,69.54167883217072,2498,1000
extension3_transformer_full_dunnhumby_v8_seed7_sample,extension3_transformer_full,dunnhumby,v8,7.0,sample,strict,clv_spearman,0.7929325953516674,0.7744101974492316,0.8089267607027996,2498,1000
extension3_transformer_full_dunnhumby_v8_seed7_sample,extension3_transformer_full,dunnhumby,v8,7.0,sample,strict,freq_mae,2.036481820920809,1.934039884391841,2.1376562468660585,2498,1000
extension3_transformer_full_dunnhumby_v8_seed7_sample,extension3_transformer_full,dunnhumby,v8,7.0,sample,strict,freq_rmse,3.2980063355080085,3.0038194059310213,3.6446224339343978,2498,1000
extension3_transformer_full_dunnhumby_v8_seed7_sample,extension3_transformer_full,dunnhumby,v8,7.0,sample,strict,spend_mae_raw,66.44207303305929,63.07696508980864,69.72829829064653,2498,1000
extension3_transformer_none_dunnhumby_v8_seed2024_sample,extension3_transformer_none,dunnhumby,v8,2024.0,sample,strict,bias_pct,-3.348633672068061,-6.337168894553651,-0.4678738719451647,2498,1000
extension3_transformer_none_dunnhumby_v8_seed2024_sample,extension3_transformer_none,dunnhumby,v8,2024.0,sample,strict,clv_decile_lift,3.388169587174801,3.2029300757876342,3.5755910794771477,2498,1000
extension3_transformer_none_dunnhumby_v8_seed2024_sample,extension3_transformer_none,dunnhumby,v8,2024.0,sample,strict,clv_mae,66.95184452613418,63.64445584004669,70.15984982384788,2498,1000
extension3_transformer_none_dunnhumby_v8_seed2024_sample,extension3_transformer_none,dunnhumby,v8,2024.0,sample,strict,clv_spearman,0.7929266005489695,0.7742033779117931,0.8090273502643484,2498,1000
extension3_transformer_none_dunnhumby_v8_seed2024_sample,extension3_transformer_none,dunnhumby,v8,2024.0,sample,strict,freq_mae,2.0926927083654343,1.9753061327017738,2.211571270654394,2498,1000
extension3_transformer_none_dunnhumby_v8_seed2024_sample,extension3_transformer_none,dunnhumby,v8,2024.0,sample,strict,freq_rmse,3.6577171173727403,3.275957536282839,4.055306783500857,2498,1000
extension3_transformer_none_dunnhumby_v8_seed2024_sample,extension3_transformer_none,dunnhumby,v8,2024.0,sample,strict,spend_mae_raw,67.13000995619856,63.81590352959877,70.34594680518748,2498,1000
extension3_transformer_none_dunnhumby_v8_seed42_sample,extension3_transformer_none,dunnhumby,v8,42.0,sample,strict,bias_pct,-8.127211312941625,-10.6974681606639,-5.523133877412035,2498,1000
extension3_transformer_none_dunnhumby_v8_seed42_sample,extension3_transformer_none,dunnhumby,v8,42.0,sample,strict,clv_decile_lift,3.3988986245095014,3.2042472817767935,3.583965942468623,2498,1000
extension3_transformer_none_dunnhumby_v8_seed42_sample,extension3_transformer_none,dunnhumby,v8,42.0,sample,strict,clv_mae,68.56464982005336,64.95318476591852,71.92469133439751,2498,1000
extension3_transformer_none_dunnhumby_v8_seed42_sample,extension3_transformer_none,dunnhumby,v8,42.0,sample,strict,clv_spearman,0.7881443300288735,0.7696408338214238,0.8049646991211348,2498,1000
extension3_transformer_none_dunnhumby_v8_seed42_sample,extension3_transformer_none,dunnhumby,v8,42.0,sample,strict,freq_mae,2.0271098026759726,1.9196806031742317,2.1348678045358818,2498,1000
extension3_transformer_none_dunnhumby_v8_seed42_sample,extension3_transformer_none,dunnhumby,v8,42.0,sample,strict,freq_rmse,3.376238223591563,3.0463441918825076,3.7533143334923293,2498,1000
extension3_transformer_none_dunnhumby_v8_seed42_sample,extension3_transformer_none,dunnhumby,v8,42.0,sample,strict,spend_mae_raw,68.75096983733991,65.13008112835797,72.11894501756946,2498,1000
extension3_transformer_none_dunnhumby_v8_seed7_sample,extension3_transformer_none,dunnhumby,v8,7.0,sample,strict,bias_pct,-2.8461580488559695,-5.62255402610045,-0.014514696119417811,2498,1000
extension3_transformer_none_dunnhumby_v8_seed7_sample,extension3_transformer_none,dunnhumby,v8,7.0,sample,strict,clv_decile_lift,3.3920074586863525,3.191986659694481,3.5682675903187455,2498,1000
extension3_transformer_none_dunnhumby_v8_seed7_sample,extension3_transformer_none,dunnhumby,v8,7.0,sample,strict,clv_mae,66.57744621055379,63.29760576002866,69.83187088119485,2498,1000
extension3_transformer_none_dunnhumby_v8_seed7_sample,extension3_transformer_none,dunnhumby,v8,7.0,sample,strict,clv_spearman,0.7868055817178188,0.7680639864372719,0.803669017517733,2498,1000
extension3_transformer_none_dunnhumby_v8_seed7_sample,extension3_transformer_none,dunnhumby,v8,7.0,sample,strict,freq_mae,2.0878774367087933,1.9821951705739096,2.1941151015616707,2498,1000
extension3_transformer_none_dunnhumby_v8_seed7_sample,extension3_transformer_none,dunnhumby,v8,7.0,sample,strict,freq_rmse,3.4343657643592453,3.137395927620595,3.759295304801429,2498,1000
extension3_transformer_none_dunnhumby_v8_seed7_sample,extension3_transformer_none,dunnhumby,v8,7.0,sample,strict,spend_mae_raw,66.75358250232532,63.46549245966636,70.01879693106699,2498,1000
extension3_transformer_static_dunnhumby_v8_seed2024_sample,extension3_transformer_static,dunnhumby,v8,2024.0,sample,strict,bias_pct,-1.288623188125256,-4.29423967913547,1.7559009552699771,2498,1000
extension3_transformer_static_dunnhumby_v8_seed2024_sample,extension3_transformer_static,dunnhumby,v8,2024.0,sample,strict,clv_decile_lift,3.395334195136931,3.194913435062463,3.570058551926267,2498,1000
extension3_transformer_static_dunnhumby_v8_seed2024_sample,extension3_transformer_static,dunnhumby,v8,2024.0,sample,strict,clv_mae,67.92425665555237,64.5059302181936,71.32119521600745,2498,1000
extension3_transformer_static_dunnhumby_v8_seed2024_sample,extension3_transformer_static,dunnhumby,v8,2024.0,sample,strict,clv_spearman,0.7924936260685821,0.7734929680614173,0.8091011790581701,2498,1000
extension3_transformer_static_dunnhumby_v8_seed2024_sample,extension3_transformer_static,dunnhumby,v8,2024.0,sample,strict,freq_mae,2.100225424314972,1.987239093448239,2.2160709377708554,2498,1000
extension3_transformer_static_dunnhumby_v8_seed2024_sample,extension3_transformer_static,dunnhumby,v8,2024.0,sample,strict,freq_rmse,3.6551306802230017,3.2898085721980395,4.027225498702339,2498,1000
extension3_transformer_static_dunnhumby_v8_seed2024_sample,extension3_transformer_static,dunnhumby,v8,2024.0,sample,strict,spend_mae_raw,68.10624729636147,64.68450608162658,71.51457678116023,2498,1000
extension3_transformer_static_dunnhumby_v8_seed42_sample,extension3_transformer_static,dunnhumby,v8,42.0,sample,strict,bias_pct,-6.36814909163772,-8.972004775574872,-3.608223918447002,2498,1000
extension3_transformer_static_dunnhumby_v8_seed42_sample,extension3_transformer_static,dunnhumby,v8,42.0,sample,strict,clv_decile_lift,3.385826559949913,3.204868277678733,3.583954200510465,2498,1000
extension3_transformer_static_dunnhumby_v8_seed42_sample,extension3_transformer_static,dunnhumby,v8,42.0,sample,strict,clv_mae,68.06702450803034,64.55817916249995,71.56013689672616,2498,1000
extension3_transformer_static_dunnhumby_v8_seed42_sample,extension3_transformer_static,dunnhumby,v8,42.0,sample,strict,clv_spearman,0.7904539948390555,0.7720369272863689,0.8071635713962165,2498,1000
extension3_transformer_static_dunnhumby_v8_seed42_sample,extension3_transformer_static,dunnhumby,v8,42.0,sample,strict,freq_mae,2.0399974132876832,1.9333052946410452,2.149003295145155,2498,1000
extension3_transformer_static_dunnhumby_v8_seed42_sample,extension3_transformer_static,dunnhumby,v8,42.0,sample,strict,freq_rmse,3.372650384756515,3.0465533501524753,3.754906991247578,2498,1000
extension3_transformer_static_dunnhumby_v8_seed42_sample,extension3_transformer_static,dunnhumby,v8,42.0,sample,strict,spend_mae_raw,68.24919490414777,64.73334146356038,71.74480467947234,2498,1000
extension3_transformer_static_dunnhumby_v8_seed7_sample,extension3_transformer_static,dunnhumby,v8,7.0,sample,strict,bias_pct,1.5186232877732067,-1.1697627925194176,4.274331178347665,2498,1000
extension3_transformer_static_dunnhumby_v8_seed7_sample,extension3_transformer_static,dunnhumby,v8,7.0,sample,strict,clv_decile_lift,3.37233648242431,3.1897155552857464,3.574436435111397,2498,1000
extension3_transformer_static_dunnhumby_v8_seed7_sample,extension3_transformer_static,dunnhumby,v8,7.0,sample,strict,clv_mae,65.5060646628694,62.34370673714195,68.72268963693689,2498,1000
extension3_transformer_static_dunnhumby_v8_seed7_sample,extension3_transformer_static,dunnhumby,v8,7.0,sample,strict,clv_spearman,0.7900013747666303,0.7717947802452781,0.8064580204437272,2498,1000
extension3_transformer_static_dunnhumby_v8_seed7_sample,extension3_transformer_static,dunnhumby,v8,7.0,sample,strict,freq_mae,2.047145476824253,1.9513175945591072,2.1457716589120612,2498,1000
extension3_transformer_static_dunnhumby_v8_seed7_sample,extension3_transformer_static,dunnhumby,v8,7.0,sample,strict,freq_rmse,3.283002293216046,3.0009083335756532,3.5865981205891395,2498,1000
extension3_transformer_static_dunnhumby_v8_seed7_sample,extension3_transformer_static,dunnhumby,v8,7.0,sample,strict,spend_mae_raw,65.68132398805444,62.51133121971795,68.90343791685038,2498,1000
pareto_nbd_tafeng,pareto_nbd,tafeng,,,,strict,bias_pct,14.802477940999614,13.187271586516262,16.487620822619284,27809,1000
pareto_nbd_tafeng,pareto_nbd,tafeng,,,,strict,clv_decile_lift,3.1304902223247106,2.905943341510363,3.444762787884304,27809,1000
pareto_nbd_tafeng,pareto_nbd,tafeng,,,,strict,clv_mae,946.5379145224892,914.4100238685597,989.8127114510744,27809,1000
pareto_nbd_tafeng,pareto_nbd,tafeng,,,,strict,clv_spearman,0.41400049885405826,0.40364027816444226,0.4249051329273598,27809,1000
pareto_nbd_tafeng,pareto_nbd,tafeng,,,,strict,freq_mae,0.9239565909547565,0.9138889509370185,0.9343420867393255,27809,1000
pareto_nbd_tafeng,pareto_nbd,tafeng,,,,strict,freq_rmse,1.292897700297289,1.2654704336391969,1.3213697869033576,27809,1000
pareto_nbd_tafeng,pareto_nbd,tafeng,,,,strict,spend_mae_raw,946.5379145224892,914.4100238685597,989.8127114510744,27809,1000
bgnbd_gg_tafeng,bgnbd_gg,tafeng,,,,strict,bias_pct,16.100275200205942,14.462539198025949,17.798255537846252,27809,1000
bgnbd_gg_tafeng,bgnbd_gg,tafeng,,,,strict,clv_decile_lift,3.1523645343471944,2.9366225643659742,3.4565621387252783,27809,1000
bgnbd_gg_tafeng,bgnbd_gg,tafeng,,,,strict,clv_mae,945.0034976082115,912.3676609155548,988.0316662918466,27809,1000
bgnbd_gg_tafeng,bgnbd_gg,tafeng,,,,strict,clv_spearman,0.4158913458220816,0.40549051891675697,0.4267489158302317,27809,1000
bgnbd_gg_tafeng,bgnbd_gg,tafeng,,,,strict,freq_mae,0.930938084820224,0.9208949346755076,0.9413101289329558,27809,1000
bgnbd_gg_tafeng,bgnbd_gg,tafeng,,,,strict,freq_rmse,1.2972151080877883,1.2698449824466223,1.3252946033086594,27809,1000
bgnbd_gg_tafeng,bgnbd_gg,tafeng,,,,strict,spend_mae_raw,945.0034976082115,912.3676609155548,988.0316662918466,27809,1000
lstm_base_tafeng_v6_seed2024_sample,lstm_base,tafeng,v6,2024.0,sample,strict,bias_pct,7.697343342291845,5.847497996024602,9.725110450501981,27809,1000
lstm_base_tafeng_v6_seed2024_sample,lstm_base,tafeng,v6,2024.0,sample,strict,freq_mae,0.9534658412735904,0.9351291004282601,0.9718769791916613,27809,1000
lstm_base_tafeng_v6_seed2024_sample,lstm_base,tafeng,v6,2024.0,sample,strict,freq_rmse,1.7947388694967656,1.7211444229155133,1.8729697974271424,27809,1000
lstm_base_tafeng_v6_seed42_sample,lstm_base,tafeng,v6,42.0,sample,strict,bias_pct,12.34010839516094,10.523854730662864,14.171143944808966,27809,1000
lstm_base_tafeng_v6_seed42_sample,lstm_base,tafeng,v6,42.0,sample,strict,freq_mae,0.9721617296647797,0.9548636020827729,0.9894077056982271,27809,1000
lstm_base_tafeng_v6_seed42_sample,lstm_base,tafeng,v6,42.0,sample,strict,freq_rmse,1.7369271792069751,1.678016302640187,1.7961960582213914,27809,1000
lstm_joint_tafeng_v8_seed2024_sample,lstm_joint,tafeng,v8,2024.0,sample,strict,bias_pct,2.2760706748409665,0.5051001669749393,4.168597989074108,27809,1000
lstm_joint_tafeng_v8_seed2024_sample,lstm_joint,tafeng,v8,2024.0,sample,strict,clv_decile_lift,3.3206682330936714,3.1478988804678267,3.467006085841078,27809,1000
lstm_joint_tafeng_v8_seed2024_sample,lstm_joint,tafeng,v8,2024.0,sample,strict,clv_mae,1069.053635759747,1031.0263015990624,1117.8823685065945,27809,1000
lstm_joint_tafeng_v8_seed2024_sample,lstm_joint,tafeng,v8,2024.0,sample,strict,clv_spearman,0.3929341652968865,0.3820435351682556,0.40347882498533233,27809,1000
lstm_joint_tafeng_v8_seed2024_sample,lstm_joint,tafeng,v8,2024.0,sample,strict,freq_mae,0.9275440904380323,0.9124569999311981,0.9440610486557788,27809,1000
lstm_joint_tafeng_v8_seed2024_sample,lstm_joint,tafeng,v8,2024.0,sample,strict,freq_rmse,1.662475395789576,1.6079203140386729,1.7212321481162451,27809,1000
lstm_joint_tafeng_v8_seed2024_sample,lstm_joint,tafeng,v8,2024.0,sample,strict,spend_mae_raw,1069.053635759747,1031.0263015990624,1117.8823685065945,27809,1000
lstm_joint_tafeng_v8_seed42_sample,lstm_joint,tafeng,v8,42.0,sample,strict,bias_pct,14.515358013422327,12.809574589000126,16.339378531570237,27809,1000
lstm_joint_tafeng_v8_seed42_sample,lstm_joint,tafeng,v8,42.0,sample,strict,clv_decile_lift,3.3096962055185024,3.132637339381697,3.457946443865342,27809,1000
lstm_joint_tafeng_v8_seed42_sample,lstm_joint,tafeng,v8,42.0,sample,strict,clv_mae,1224.3317630552046,1183.2722087824818,1275.8832719496972,27809,1000
lstm_joint_tafeng_v8_seed42_sample,lstm_joint,tafeng,v8,42.0,sample,strict,clv_spearman,0.3739137270681903,0.36331024198252826,0.38434588452938545,27809,1000
lstm_joint_tafeng_v8_seed42_sample,lstm_joint,tafeng,v8,42.0,sample,strict,freq_mae,0.9456766681729775,0.931363432856313,0.9604468046688213,27809,1000
lstm_joint_tafeng_v8_seed42_sample,lstm_joint,tafeng,v8,42.0,sample,strict,freq_rmse,1.5772709324996026,1.520788230808578,1.636364180293533,27809,1000
lstm_joint_tafeng_v8_seed42_sample,lstm_joint,tafeng,v8,42.0,sample,strict,spend_mae_raw,1224.3317630552046,1183.2722087824818,1275.8832719496972,27809,1000
transformer_joint_tafeng_v6b_seed2024_sample,transformer_joint,tafeng,v6b,2024.0,sample,strict,bias_pct,-27.807551330186627,-28.891604696450816,-26.671885924988814,27809,1000
transformer_joint_tafeng_v6b_seed2024_sample,transformer_joint,tafeng,v6b,2024.0,sample,strict,clv_decile_lift,3.4950834537906985,3.2939889772544007,3.7784936878792714,27809,1000
transformer_joint_tafeng_v6b_seed2024_sample,transformer_joint,tafeng,v6b,2024.0,sample,strict,clv_mae,796.5765850009936,770.869007750263,836.0137013529492,27809,1000
transformer_joint_tafeng_v6b_seed2024_sample,transformer_joint,tafeng,v6b,2024.0,sample,strict,clv_spearman,0.4000959698013091,0.38955599886427494,0.4110594048672847,27809,1000
transformer_joint_tafeng_v6b_seed2024_sample,transformer_joint,tafeng,v6b,2024.0,sample,strict,freq_mae,0.8292326801285544,0.8181394133875965,0.8419552155110978,27809,1000
transformer_joint_tafeng_v6b_seed2024_sample,transformer_joint,tafeng,v6b,2024.0,sample,strict,freq_rmse,1.3245849201706064,1.2927818948987198,1.3589323860790743,27809,1000
transformer_joint_tafeng_v6b_seed2024_sample,transformer_joint,tafeng,v6b,2024.0,sample,strict,spend_mae_raw,796.5765850009936,770.869007750263,836.0137013529492,27809,1000
transformer_joint_tafeng_v6b_seed7_sample,transformer_joint,tafeng,v6b,7.0,sample,strict,bias_pct,26.967674658495312,24.919091573638173,28.938703130722146,27809,1000
transformer_joint_tafeng_v6b_seed7_sample,transformer_joint,tafeng,v6b,7.0,sample,strict,clv_decile_lift,3.4684771353335724,3.269753165209987,3.765357589792349,27809,1000
transformer_joint_tafeng_v6b_seed7_sample,transformer_joint,tafeng,v6b,7.0,sample,strict,clv_mae,1149.4985900238848,1119.1300137022115,1191.1844430469241,27809,1000
transformer_joint_tafeng_v6b_seed7_sample,transformer_joint,tafeng,v6b,7.0,sample,strict,clv_spearman,0.40491832872796385,0.3942297752281874,0.41522052291551553,27809,1000
transformer_joint_tafeng_v6b_seed7_sample,transformer_joint,tafeng,v6b,7.0,sample,strict,freq_mae,1.0155038067760154,0.9998194762000663,1.0309886289779426,27809,1000
transformer_joint_tafeng_v6b_seed7_sample,transformer_joint,tafeng,v6b,7.0,sample,strict,freq_rmse,1.7179396767560082,1.6682337688638624,1.7674706786565588,27809,1000
transformer_joint_tafeng_v6b_seed7_sample,transformer_joint,tafeng,v6b,7.0,sample,strict,spend_mae_raw,1149.4985900238848,1119.1300137022115,1191.1844430469241,27809,1000
pareto_nbd_uci,pareto_nbd,uci,,,,strict,bias_pct,-11.297189961938967,-16.265970592097204,-6.239325598745407,4930,1000
pareto_nbd_uci,pareto_nbd,uci,,,,strict,clv_decile_lift,5.404931567956774,4.671784846299158,6.200945927322717,4930,1000
pareto_nbd_uci,pareto_nbd,uci,,,,strict,clv_mae,577.5639637627286,486.77523515576263,668.3552870045891,4930,1000
pareto_nbd_uci,pareto_nbd,uci,,,,strict,clv_spearman,0.5917079754470163,0.5684925528708948,0.6139556202663122,4930,1000
pareto_nbd_uci,pareto_nbd,uci,,,,strict,freq_mae,1.1898757049728803,1.1055584294110128,1.2775288835557501,4930,1000
pareto_nbd_uci,pareto_nbd,uci,,,,strict,freq_rmse,3.4405648448406825,2.115994824960095,4.5436502933983425,4930,1000
pareto_nbd_uci,pareto_nbd,uci,,,,strict,spend_mae_raw,592.4722080743834,498.9834119854007,685.861353727803,4930,1000
bgnbd_gg_uci,bgnbd_gg,uci,,,,strict,bias_pct,3.298594439989657,-0.36862154879550985,7.189210439856723,4930,1000
bgnbd_gg_uci,bgnbd_gg,uci,,,,strict,clv_decile_lift,6.334789688805378,5.7192095639707645,6.847219711062277,4930,1000
bgnbd_gg_uci,bgnbd_gg,uci,,,,strict,clv_mae,529.1992633132002,469.6777691546491,598.8967854018539,4930,1000
bgnbd_gg_uci,bgnbd_gg,uci,,,,strict,clv_spearman,0.5996248161414711,0.5758641223716912,0.6199551196122525,4930,1000
bgnbd_gg_uci,bgnbd_gg,uci,,,,strict,freq_mae,1.1594718298104736,1.1094465316519257,1.2080622473270035,4930,1000
bgnbd_gg_uci,bgnbd_gg,uci,,,,strict,freq_rmse,2.124247244838276,1.8143413209860435,2.4235914354847248,4930,1000
bgnbd_gg_uci,bgnbd_gg,uci,,,,strict,spend_mae_raw,542.8293696998866,481.7397230712741,614.8114003054944,4930,1000
lstm_base_uci_v6_seed2024_sample,lstm_base,uci,v6,2024.0,sample,strict,bias_pct,10.641982134586138,4.67473660262995,17.583605917491543,4930,1000
lstm_base_uci_v6_seed2024_sample,lstm_base,uci,v6,2024.0,sample,strict,freq_mae,1.446553237857127,1.3519129524169522,1.5557963689264387,4930,1000
lstm_base_uci_v6_seed2024_sample,lstm_base,uci,v6,2024.0,sample,strict,freq_rmse,3.999809914181757,3.0318668399094615,5.026698956261881,4930,1000
lstm_base_uci_v6_seed42_sample,lstm_base,uci,v6,42.0,sample,strict,bias_pct,3.898760214099047,-0.5999952035818017,8.608081207711294,4930,1000
lstm_base_uci_v6_seed42_sample,lstm_base,uci,v6,42.0,sample,strict,freq_mae,1.332911314623351,1.2642486598505875,1.4046308519650426,4930,1000
lstm_base_uci_v6_seed42_sample,lstm_base,uci,v6,42.0,sample,strict,freq_rmse,2.863368345707336,2.3542728634942183,3.4261484516792926,4930,1000
lstm_base_uci_v6_seed7_sample,lstm_base,uci,v6,7.0,sample,strict,bias_pct,16.099102722327462,9.885238328883878,22.416425128191705,4930,1000
lstm_base_uci_v6_seed7_sample,lstm_base,uci,v6,7.0,sample,strict,freq_mae,1.475157602817485,1.3762858995146914,1.5772629488527048,4930,1000
lstm_base_uci_v6_seed7_sample,lstm_base,uci,v6,7.0,sample,strict,freq_rmse,4.1299397387290595,3.3115144247665604,4.9253287935105385,4930,1000
lstm_joint_uci_v8_seed2024_sample,lstm_joint,uci,v8,2024.0,sample,strict,bias_pct,-8.459661006537825,-13.640072475910756,-2.793534550087518,4930,1000
lstm_joint_uci_v8_seed2024_sample,lstm_joint,uci,v8,2024.0,sample,strict,clv_decile_lift,6.17217497399965,5.515049146518475,6.73558838916807,4930,1000
lstm_joint_uci_v8_seed2024_sample,lstm_joint,uci,v8,2024.0,sample,strict,clv_mae,565.4855981091698,488.4596735298851,664.179250387744,4930,1000
lstm_joint_uci_v8_seed2024_sample,lstm_joint,uci,v8,2024.0,sample,strict,clv_spearman,0.589885360703982,0.5680456397714706,0.6082988329768242,4930,1000
lstm_joint_uci_v8_seed2024_sample,lstm_joint,uci,v8,2024.0,sample,strict,freq_mae,1.233610940976994,1.1562261979930994,1.3168591187643472,4930,1000
lstm_joint_uci_v8_seed2024_sample,lstm_joint,uci,v8,2024.0,sample,strict,freq_rmse,3.2082840515922766,2.509922817833447,3.9787998781309746,4930,1000
lstm_joint_uci_v8_seed2024_sample,lstm_joint,uci,v8,2024.0,sample,strict,spend_mae_raw,580.3574557403039,501.48841190166934,681.4762327463825,4930,1000
lstm_joint_uci_v8_seed42_sample,lstm_joint,uci,v8,42.0,sample,strict,bias_pct,-12.76601664744106,-16.622749344673167,-8.436730729488813,4930,1000
lstm_joint_uci_v8_seed42_sample,lstm_joint,uci,v8,42.0,sample,strict,clv_decile_lift,6.259194050535185,5.612302260887407,6.791556614623203,4930,1000
lstm_joint_uci_v8_seed42_sample,lstm_joint,uci,v8,42.0,sample,strict,clv_mae,548.2959698401406,471.86961486480783,641.5554383560248,4930,1000
lstm_joint_uci_v8_seed42_sample,lstm_joint,uci,v8,42.0,sample,strict,clv_spearman,0.6056611492928181,0.5850530058980831,0.623895300476415,4930,1000
lstm_joint_uci_v8_seed42_sample,lstm_joint,uci,v8,42.0,sample,strict,freq_mae,1.1564929432517133,1.096150787943789,1.217736073949546,4930,1000
lstm_joint_uci_v8_seed42_sample,lstm_joint,uci,v8,42.0,sample,strict,freq_rmse,2.531404034795718,2.1580276883140916,2.930559377491853,4930,1000
lstm_joint_uci_v8_seed42_sample,lstm_joint,uci,v8,42.0,sample,strict,spend_mae_raw,562.7246887844426,484.044650264976,658.9177742669597,4930,1000
lstm_joint_uci_v8_seed7_sample,lstm_joint,uci,v8,7.0,sample,strict,bias_pct,-8.087968596391327,-12.42025600353329,-3.598097213287777,4930,1000
lstm_joint_uci_v8_seed7_sample,lstm_joint,uci,v8,7.0,sample,strict,clv_decile_lift,6.263852958266028,5.631432984203618,6.796166260046186,4930,1000
lstm_joint_uci_v8_seed7_sample,lstm_joint,uci,v8,7.0,sample,strict,clv_mae,549.2460086913428,469.65700072078147,649.8186066523913,4930,1000
lstm_joint_uci_v8_seed7_sample,lstm_joint,uci,v8,7.0,sample,strict,clv_spearman,0.6008025247344345,0.5790508620371418,0.620474133154438,4930,1000
lstm_joint_uci_v8_seed7_sample,lstm_joint,uci,v8,7.0,sample,strict,freq_mae,1.1691823036702724,1.1055879065262542,1.2355686536471362,4930,1000
lstm_joint_uci_v8_seed7_sample,lstm_joint,uci,v8,7.0,sample,strict,freq_rmse,2.6734154108413892,2.211359850388652,3.127216958791444,4930,1000
lstm_joint_uci_v8_seed7_sample,lstm_joint,uci,v8,7.0,sample,strict,spend_mae_raw,563.662501427223,481.9532856328637,666.8595692942447,4930,1000
transformer_joint_uci_v7_twostage_seed2024_sample,transformer_joint,uci,v7_twostage,2024.0,sample,strict,bias_pct,-13.965285121845488,-20.200675046300624,-7.3610287763392765,4930,1000
transformer_joint_uci_v7_twostage_seed2024_sample,transformer_joint,uci,v7_twostage,2024.0,sample,strict,clv_decile_lift,5.839641074083067,5.1254728436966825,6.440849224768459,4930,1000
transformer_joint_uci_v7_twostage_seed2024_sample,transformer_joint,uci,v7_twostage,2024.0,sample,strict,clv_mae,695.8998634117854,588.0563540407223,822.0222251720215,4930,1000
transformer_joint_uci_v7_twostage_seed2024_sample,transformer_joint,uci,v7_twostage,2024.0,sample,strict,clv_spearman,0.5741322459933456,0.5529714004604016,0.594711824246426,4930,1000
transformer_joint_uci_v7_twostage_seed2024_sample,transformer_joint,uci,v7_twostage,2024.0,sample,strict,freq_mae,1.2883259712304715,1.1927501437309411,1.388185353232831,4930,1000
transformer_joint_uci_v7_twostage_seed2024_sample,transformer_joint,uci,v7_twostage,2024.0,sample,strict,freq_rmse,3.792276441672411,3.0006586008795453,4.57716702489286,4930,1000
transformer_joint_uci_v7_twostage_seed2024_sample,transformer_joint,uci,v7_twostage,2024.0,sample,strict,spend_mae_raw,713.210734250531,602.8778595447831,842.4921638446599,4930,1000
transformer_joint_uci_v7_twostage_seed42_sample,transformer_joint,uci,v7_twostage,42.0,sample,strict,bias_pct,-5.074369001495531,-11.627209538547804,2.0383966622211704,4930,1000
transformer_joint_uci_v7_twostage_seed42_sample,transformer_joint,uci,v7_twostage,42.0,sample,strict,clv_decile_lift,5.895696083266968,5.197147537954846,6.478914093251523,4930,1000
transformer_joint_uci_v7_twostage_seed42_sample,transformer_joint,uci,v7_twostage,42.0,sample,strict,clv_mae,725.2141558033941,619.9713220040938,852.9052999741456,4930,1000
transformer_joint_uci_v7_twostage_seed42_sample,transformer_joint,uci,v7_twostage,42.0,sample,strict,clv_spearman,0.5723511722530954,0.5496589271776465,0.5925707981091292,4930,1000
transformer_joint_uci_v7_twostage_seed42_sample,transformer_joint,uci,v7_twostage,42.0,sample,strict,freq_mae,1.3848095583791786,1.2777570272220817,1.495950756855347,4930,1000
transformer_joint_uci_v7_twostage_seed42_sample,transformer_joint,uci,v7_twostage,42.0,sample,strict,freq_rmse,4.240931919839614,3.3355301743538006,5.136340514616703,4930,1000
transformer_joint_uci_v7_twostage_seed42_sample,transformer_joint,uci,v7_twostage,42.0,sample,strict,spend_mae_raw,743.1910438146842,635.3850654669079,873.9478368040417,4930,1000
transformer_joint_uci_v7_twostage_seed7_sample,transformer_joint,uci,v7_twostage,7.0,sample,strict,bias_pct,-30.48014276063529,-35.87087621847618,-24.953720619391508,4930,1000
transformer_joint_uci_v7_twostage_seed7_sample,transformer_joint,uci,v7_twostage,7.0,sample,strict,clv_decile_lift,5.927161577899421,5.219761506633508,6.510766721163017,4930,1000
transformer_joint_uci_v7_twostage_seed7_sample,transformer_joint,uci,v7_twostage,7.0,sample,strict,clv_mae,676.2895391564824,565.6162502074435,808.9289351910849,4930,1000
transformer_joint_uci_v7_twostage_seed7_sample,transformer_joint,uci,v7_twostage,7.0,sample,strict,clv_spearman,0.5691371006446991,0.5469348097791021,0.5898725689843396,4930,1000
transformer_joint_uci_v7_twostage_seed7_sample,transformer_joint,uci,v7_twostage,7.0,sample,strict,freq_mae,1.2456003171616588,1.1698017097572828,1.3252046351378848,4930,1000
transformer_joint_uci_v7_twostage_seed7_sample,transformer_joint,uci,v7_twostage,7.0,sample,strict,freq_rmse,3.1025523433715247,2.612197582068393,3.6328805829387782,4930,1000
transformer_joint_uci_v7_twostage_seed7_sample,transformer_joint,uci,v7_twostage,7.0,sample,strict,spend_mae_raw,693.3438600400882,579.8546300810588,829.0736133946366,4930,1000
lstm_base_cdnow_full_seed2024_sample,lstm_base_cdnow_full,unknown,,2024.0,sample,strict,bias_pct,-20.81222714867037,-23.38395473472302,-18.025331399526173,23502,1000
lstm_base_cdnow_full_seed2024_sample,lstm_base_cdnow_full,unknown,,2024.0,sample,strict,freq_mae,0.6420398562203142,0.6260397820829624,0.6581320331013302,23502,1000
lstm_base_cdnow_full_seed2024_sample,lstm_base_cdnow_full,unknown,,2024.0,sample,strict,freq_rmse,1.447077383825271,1.3064659147635889,1.6049792629556212,23502,1000
lstm_base_cdnow_full_seed42_sample,lstm_base_cdnow_full,unknown,,42.0,sample,strict,bias_pct,-9.71018560859473,-12.430972393571071,-6.7302934163163615,23502,1000
lstm_base_cdnow_full_seed42_sample,lstm_base_cdnow_full,unknown,,42.0,sample,strict,freq_mae,0.6219108179401828,0.6063180859436994,0.6373865580579985,23502,1000
lstm_base_cdnow_full_seed42_sample,lstm_base_cdnow_full,unknown,,42.0,sample,strict,freq_rmse,1.3626871250523498,1.2378168456629763,1.512869350401741,23502,1000
lstm_base_cdnow_full_seed7_sample,lstm_base_cdnow_full,unknown,,7.0,sample,strict,bias_pct,-10.643814744407134,-13.475823616537578,-7.581492038707383,23502,1000
lstm_base_cdnow_full_seed7_sample,lstm_base_cdnow_full,unknown,,7.0,sample,strict,freq_mae,0.6610589357462779,0.645519339477913,0.6768342273046066,23502,1000
lstm_base_cdnow_full_seed7_sample,lstm_base_cdnow_full,unknown,,7.0,sample,strict,freq_rmse,1.391170911637579,1.266576235877492,1.5430831974783006,23502,1000
lstm_base_cdnow_valendin_master_39x39_seed42_sample,lstm_base_cdnow_valendin_master_39x39,unknown,,42.0,sample,strict,bias_pct,-62.18887055113825,-63.8010797974699,-60.28790559319742,23500,1000
lstm_base_cdnow_valendin_master_39x39_seed42_sample,lstm_base_cdnow_valendin_master_39x39,unknown,,42.0,sample,strict,freq_mae,0.8259986081903286,0.7993480380528389,0.852614716082954,23500,1000
lstm_base_cdnow_valendin_master_39x39_seed42_sample,lstm_base_cdnow_valendin_master_39x39,unknown,,42.0,sample,strict,freq_rmse,2.227632877679716,1.992834765368553,2.512554988139908,23500,1000
lstm_joint_cdnow_full_seed2024_sample,lstm_joint_cdnow_full,unknown,,2024.0,sample,strict,bias_pct,-34.41913359910413,-36.89929761090615,-31.783608665382186,23502,1000
lstm_joint_cdnow_full_seed2024_sample,lstm_joint_cdnow_full,unknown,,2024.0,sample,strict,clv_decile_lift,5.367818853258197,5.121932734072367,5.593955168781588,23502,1000
lstm_joint_cdnow_full_seed2024_sample,lstm_joint_cdnow_full,unknown,,2024.0,sample,strict,clv_mae,20.224478014402518,19.419191643878094,21.05929912373483,23502,1000
lstm_joint_cdnow_full_seed2024_sample,lstm_joint_cdnow_full,unknown,,2024.0,sample,strict,clv_spearman,0.40324703193269956,0.39102779166463186,0.4155353932702456,23502,1000
lstm_joint_cdnow_full_seed2024_sample,lstm_joint_cdnow_full,unknown,,2024.0,sample,strict,freq_mae,0.5552697370790814,0.536371062220927,0.5738694368307466,23502,1000
lstm_joint_cdnow_full_seed2024_sample,lstm_joint_cdnow_full,unknown,,2024.0,sample,strict,freq_rmse,1.5584593543933385,1.3171349569635658,1.826383773089742,23502,1000
lstm_joint_cdnow_full_seed2024_sample,lstm_joint_cdnow_full,unknown,,2024.0,sample,strict,spend_mae_raw,20.682767315734022,19.851648854851245,21.53713126295745,23502,1000
lstm_joint_cdnow_full_seed42_sample,lstm_joint_cdnow_full,unknown,,42.0,sample,strict,bias_pct,-19.741745397581273,-25.37139395271052,-12.761201372337256,23502,1000
lstm_joint_cdnow_full_seed42_sample,lstm_joint_cdnow_full,unknown,,42.0,sample,strict,clv_decile_lift,5.411883488741582,5.193965171895166,5.642415671801704,23502,1000
lstm_joint_cdnow_full_seed42_sample,lstm_joint_cdnow_full,unknown,,42.0,sample,strict,clv_mae,20.1778203231884,19.186033089994197,21.302904440923026,23502,1000
lstm_joint_cdnow_full_seed42_sample,lstm_joint_cdnow_full,unknown,,42.0,sample,strict,clv_spearman,0.41796819163974663,0.40675604160631307,0.4299840724158142,23502,1000
lstm_joint_cdnow_full_seed42_sample,lstm_joint_cdnow_full,unknown,,42.0,sample,strict,freq_mae,0.5684968193791824,0.5388538281332551,0.6023186471120807,23502,1000
lstm_joint_cdnow_full_seed42_sample,lstm_joint_cdnow_full,unknown,,42.0,sample,strict,freq_rmse,2.716524158156632,1.6122693995922628,3.6753961429852424,23502,1000
lstm_joint_cdnow_full_seed42_sample,lstm_joint_cdnow_full,unknown,,42.0,sample,strict,spend_mae_raw,20.620265825354142,19.604152932081128,21.768769962379967,23502,1000
lstm_joint_cdnow_full_seed7_sample,lstm_joint_cdnow_full,unknown,,7.0,sample,strict,bias_pct,-29.856768498643426,-32.00075679836056,-27.666872162353645,23502,1000
lstm_joint_cdnow_full_seed7_sample,lstm_joint_cdnow_full,unknown,,7.0,sample,strict,clv_decile_lift,5.316020255141615,5.108238834293872,5.5592749772114995,23502,1000
lstm_joint_cdnow_full_seed7_sample,lstm_joint_cdnow_full,unknown,,7.0,sample,strict,clv_mae,19.388930108458748,18.667752642104162,20.177333964427984,23502,1000
lstm_joint_cdnow_full_seed7_sample,lstm_joint_cdnow_full,unknown,,7.0,sample,strict,clv_spearman,0.4224525872273231,0.41097621808104895,0.4348207744086131,23502,1000
lstm_joint_cdnow_full_seed7_sample,lstm_joint_cdnow_full,unknown,,7.0,sample,strict,freq_mae,0.5342268806577627,0.5186089741120863,0.5495670548146514,23502,1000
lstm_joint_cdnow_full_seed7_sample,lstm_joint_cdnow_full,unknown,,7.0,sample,strict,freq_rmse,1.3398141071198506,1.2130771780744563,1.4941672374274997,23502,1000
lstm_joint_cdnow_full_seed7_sample,lstm_joint_cdnow_full,unknown,,7.0,sample,strict,spend_mae_raw,19.820527309463863,19.079083272819062,20.629599901652117,23502,1000
transformer_joint_cdnow_full_seed2024_sample,transformer_joint_cdnow_full,unknown,,2024.0,sample,strict,bias_pct,-19.415651403156776,-24.751838174532082,-13.477314054810671,23502,1000
transformer_joint_cdnow_full_seed2024_sample,transformer_joint_cdnow_full,unknown,,2024.0,sample,strict,clv_decile_lift,5.54184759134159,5.317801026950724,5.761623214562344,23502,1000
transformer_joint_cdnow_full_seed2024_sample,transformer_joint_cdnow_full,unknown,,2024.0,sample,strict,clv_mae,19.77571363799999,19.01511379570738,20.593741176440155,23502,1000
transformer_joint_cdnow_full_seed2024_sample,transformer_joint_cdnow_full,unknown,,2024.0,sample,strict,clv_spearman,0.4442067147753546,0.4325095618456198,0.4565490291481287,23502,1000
transformer_joint_cdnow_full_seed2024_sample,transformer_joint_cdnow_full,unknown,,2024.0,sample,strict,freq_mae,0.5421955141703856,0.515549828179381,0.5725937322917357,23502,1000
transformer_joint_cdnow_full_seed2024_sample,transformer_joint_cdnow_full,unknown,,2024.0,sample,strict,freq_rmse,2.413732982649477,1.644127126616233,3.235404760277166,23502,1000
transformer_joint_cdnow_full_seed2024_sample,transformer_joint_cdnow_full,unknown,,2024.0,sample,strict,spend_mae_raw,20.193868729598716,19.41719503727109,21.02800596618554,23502,1000
transformer_joint_cdnow_full_seed42_sample,transformer_joint_cdnow_full,unknown,,42.0,sample,strict,bias_pct,-26.10352067706184,-29.908979614697273,-21.518592926155176,23502,1000
transformer_joint_cdnow_full_seed42_sample,transformer_joint_cdnow_full,unknown,,42.0,sample,strict,clv_decile_lift,5.559116016733226,5.347557185037362,5.788215024457271,23502,1000
transformer_joint_cdnow_full_seed42_sample,transformer_joint_cdnow_full,unknown,,42.0,sample,strict,clv_mae,18.89401546507407,18.136538423899868,19.693181811312282,23502,1000
transformer_joint_cdnow_full_seed42_sample,transformer_joint_cdnow_full,unknown,,42.0,sample,strict,clv_spearman,0.4371743811913308,0.42584847589332153,0.44942094415096123,23502,1000
transformer_joint_cdnow_full_seed42_sample,transformer_joint_cdnow_full,unknown,,42.0,sample,strict,freq_mae,0.5184301133574694,0.4979447288463326,0.5413291551928269,23502,1000
transformer_joint_cdnow_full_seed42_sample,transformer_joint_cdnow_full,unknown,,42.0,sample,strict,freq_rmse,1.7525119044920416,1.2754536734682813,2.3932441219874843,23502,1000
transformer_joint_cdnow_full_seed42_sample,transformer_joint_cdnow_full,unknown,,42.0,sample,strict,spend_mae_raw,19.295215938859428,18.522466788347295,20.114405764582692,23502,1000
transformer_joint_cdnow_full_seed7_sample,transformer_joint_cdnow_full,unknown,,7.0,sample,strict,bias_pct,-10.375038258106118,-15.742184750534152,-4.738548528380598,23502,1000
transformer_joint_cdnow_full_seed7_sample,transformer_joint_cdnow_full,unknown,,7.0,sample,strict,clv_decile_lift,5.573156052691493,5.362722821878438,5.787457230329955,23502,1000
transformer_joint_cdnow_full_seed7_sample,transformer_joint_cdnow_full,unknown,,7.0,sample,strict,clv_mae,20.30219555557479,19.374465561772713,21.326007263995557,23502,1000
transformer_joint_cdnow_full_seed7_sample,transformer_joint_cdnow_full,unknown,,7.0,sample,strict,clv_spearman,0.44465848073802544,0.4326020936821111,0.45687041277340995,23502,1000
transformer_joint_cdnow_full_seed7_sample,transformer_joint_cdnow_full,unknown,,7.0,sample,strict,freq_mae,0.5584726364394369,0.5304655564093758,0.5911340967137735,23502,1000
transformer_joint_cdnow_full_seed7_sample,transformer_joint_cdnow_full,unknown,,7.0,sample,strict,freq_rmse,2.3594738499550374,1.7375354251647352,3.030078538020356,23502,1000
transformer_joint_cdnow_full_seed7_sample,transformer_joint_cdnow_full,unknown,,7.0,sample,strict,spend_mae_raw,20.73558465124404,19.787398306005393,21.78353004580345,23502,1000
