run_name,model,dataset,version,seed,mode,protocol_variant,quality_tier,metric_definition_version,freq_rmse,freq_mae,freq_normalized_gini,freq_horizon_abs_bias_pct,bias_pct,freq_weekly_mae,freq_weekly_total_true,freq_weekly_total_pred,freq_valendin_mape,freq_horizon_bias_pct,freq_weekly_mean_pct_mape,freq_weekly_mean_pct_bias_pct,freq_weekly_bias_pct,freq_weekly_mape,freq_mape,freq_mase,spend_mae_raw,spend_rmse_raw,spend_normalized_gini,spend_mae_log,spend_rmse_log,spend_r2_log,spend_bias_pct,spend_weekly_mae,spend_weekly_total_true,spend_weekly_total_pred,spend_valendin_mape,spend_horizon_abs_bias_pct,spend_horizon_bias_pct,spend_weekly_mean_pct_mape,spend_weekly_mean_pct_bias_pct,spend_weekly_bias_pct,spend_weekly_mape,spend_mase,clv_mae,clv_rmse,clv_spearman,clv_decile_lift,clv_normalized_gini,clv_total_true,clv_total_pred,protocol_name,cohort_size,calibration_weeks,holdout_weeks,inference_mode,n_scenarios,freq_calibration_factor,freq_mase_scale,smearing_factor,spend_calibration_factor,spend_mase_scale,calibration_temperature_source,validation_temperature,smearing_source,calibration_source,validation_freq_true_total,validation_freq_pred_total,validation_spend_true_total,validation_spend_pred_total,validation_freq_calibration_factor,validation_spend_calibration_factor,validation_rolling_origin_count,run_valid,run_invalid_reason,run_warning,epochs_completed,max_epochs_configured,final_finetune_enabled,final_finetune_epochs,final_finetune_lr_multiplier,final_finetune_batch_size_multiplier
pareto_nbd_cdnow,pareto_nbd,cdnow,,,,strict,A,valendin_aggregate_mape_v1,1.227367877960205,0.5639693737030029,0.7164898653703912,5.340272367671893,5.340273809872636,80.77821411432608,12798.0,13481.448057614649,16.41063890430128,5.340272367671893,16.785845168381126,8.19046036153627,5.340272367671893,16.41063890430128,16.41063890430128,1.0508805469633673,20.41753387451172,56.59851837158203,0.7387677514400722,1.0216645002365112,1.7437242269515991,-0.022832751274108887,1.3288060864574907,3231.892961451195,477773.8293311596,484122.49972895044,17.58765588214918,1.3288024600841815,1.3288024600841815,17.42227697242552,5.297564748198948,1.3288024600841883,17.58765588214918,0.9904685819722332,19.975358963012695,55.334083557128906,0.4907357038849247,5.649719691372049,0.7386889482930552,467470.65625,473643.1875,cdnow_52x26,23502,52,26,benchmark_expected_total,0,,,,,,,,,,,,,,,,,,,,,,,,,
bgnbd_gg_cdnow,bgnbd_gg,cdnow,,,,strict,A,valendin_aggregate_mape_v1,1.2420098781585693,0.5800448060035706,0.7089514905010389,7.749258877512243,7.74925769651508,86.09279378219097,12798.0,13789.750151144017,17.490331601320246,7.749258877512243,18.195511311229406,10.676088264874421,7.749258877512237,17.490331601320246,17.490331601320246,1.0577635631508016,20.059139251708984,56.546852111816406,0.7400920169102434,0.9948548078536987,1.6945387125015259,0.03405582904815674,-0.8436261876533888,3062.8747524477794,477773.8293311596,473743.1802304417,16.667874771442325,0.8436312023118681,-0.8436312023118681,16.178994152691352,3.064425880512606,-0.8436312023118709,16.667874771442325,0.9720795970034293,19.62381935119629,55.28596496582031,0.4925872383489976,5.682549061650176,0.7400147293813922,467470.65625,463457.8125,cdnow_52x26,23502,52,26,benchmark_expected_total,0,,,,,,,,,,,,,,,,,,,,,,,,,
pareto_ggg_cdnow,pareto_ggg,cdnow,,,,strict,A,valendin_aggregate_mape_v1,1.4531415700912476,0.561089277267456,0.6739986242458007,73.95038253513177,6.366313034751523,364.0065368017755,12798.0,22262.169956846163,73.95038253513177,73.95038253513177,79.72119364834975,79.72119364834975,73.95038253513177,73.95038253513177,73.95038253513177,1.4011031328896961,,,,,,,,,,,,,,,,,,,,,,,,,,cdnow_52x26,23502,52,26,benchmark_expected_total,0,,,,,,,,,,,,,,,,,,,,,,,,,
lstm_base_cdnow_full_seed2024_sample,lstm_base,cdnow,,2024.0,sample,strict,B,valendin_aggregate_mape_v1,1.4470772743225098,0.6420398354530334,0.5469240063191005,20.812228745905323,-20.812227130215657,134.73342094255182,12798.0,10134.450965099037,27.372003004425277,-20.812228745905323,27.46815116760093,-19.924660335493343,-20.812228745905323,27.372003004425277,27.372003004425277,0.42608401435838134,,,,,,,,,,,,,,,,,,,,,,,,,,cdnow_master_52x26,23502,52,26,sample,30,3.5623858632984944,0.08350728598817622,,,,rolling_origin_autoregressive,0.75,,rolling_origin_autoregressive,1410.0,395.8021545410156,0.0,0.0,3.5623858632984944,1.0,2.0,False,absolute frequency bias -20.8% exceeds 15.0%,large frequency bias (-20.8%),76.0,100.0,True,5.0,0.1,4.0
lstm_base_cdnow_full_seed42_sample,lstm_base,cdnow,,42.0,sample,strict,A,valendin_aggregate_mape_v1,1.362687110900879,0.621910810470581,0.5894764843857753,9.710184868310444,-9.71018878682216,113.97037848916192,12798.0,11555.29054055363,23.153850919817234,-9.710184868310444,24.108257087149113,-8.462112138026574,-9.710184868310444,23.153850919817234,23.153850919817234,0.4420104480496077,,,,,,,,,,,,,,,,,,,,,,,,,,cdnow_master_52x26,23502,52,26,sample,30,3.0643911818951666,0.08350728598817622,,,,rolling_origin_autoregressive,0.75,,rolling_origin_autoregressive,1410.0,460.1240234375,0.0,0.0,3.0643911818951666,1.0,2.0,True,,,79.0,100.0,True,5.0,0.1,4.0
lstm_base_cdnow_full_seed7_sample,lstm_base,cdnow,,7.0,sample,strict,A,valendin_aggregate_mape_v1,1.3911709785461426,0.6610589623451233,0.5090762498490536,10.643815485506455,-10.64381397483982,125.01728507905052,12798.0,11435.804494164884,25.398104485508,-10.643815485506455,25.668452216162684,-9.093735121208308,-10.643815485506455,25.398104485508,25.398104485508,0.4443940601862166,,,,,,,,,,,,,,,,,,,,,,,,,,cdnow_master_52x26,23502,52,26,sample,30,3.506611904190155,0.08350728598817622,,,,rolling_origin_autoregressive,0.75,,rolling_origin_autoregressive,1410.0,402.0975341796875,0.0,0.0,3.506611904190155,1.0,2.0,True,,,80.0,100.0,True,5.0,0.1,4.0
lstm_joint_cdnow_full_seed2024_sample,lstm_joint,cdnow,,2024.0,sample,strict,B,valendin_aggregate_mape_v1,1.5584594011306763,0.555269718170166,0.652446125363164,34.41913327163487,-34.419135314111585,178.08112793587722,12798.0,8393.03932389617,36.17838198416008,-34.41913327163487,34.460980981514936,-32.50622624780269,-34.41913327163487,36.17838198416008,36.17838198416008,0.39187455661301474,20.682769775390625,71.3476333618164,0.7020719143245924,1.397467017173767,1.8303945064544678,-0.12703752517700195,-35.37404794449675,6784.24071782141,477773.8300150466,308765.8950306817,36.91919640257433,35.37404612116204,-35.37404612116204,34.51244126412538,-32.79837952951272,-35.37404612116205,36.91919640257433,0.6695523850227775,20.224477767944336,69.6358413696289,0.40324703193269956,5.367818853258197,0.7022552445905634,467470.65625,302398.6875,cdnow_master_52x26,23502,52,26,sample,30,3.2687469434787877,0.08350728598817622,1.2192511034591085,3.0006576026796274,1.8052191310723706,rolling_origin_autoregressive,0.75,rolling_origin_autoregressive,rolling_origin_autoregressive,1410.0,431.3579559326172,55157.349609375,18381.75390625,3.2687469434787877,3.0006576026796274,2.0,False,absolute frequency bias -34.4% exceeds 15.0%,large frequency bias (-34.4%); large spend bias (-35.4%),125.0,120.0,True,5.0,0.1,4.0
lstm_joint_cdnow_full_seed42_sample,lstm_joint,cdnow,,42.0,sample,strict,B,valendin_aggregate_mape_v1,2.716524124145508,0.5684967637062073,0.6652067467996379,19.741747905093444,-19.741747367752772,174.30332815016692,12798.0,10271.451103106141,35.41089648307813,-19.741747905093444,34.879626466258564,-17.750544553883728,-19.741747905093444,35.41089648307813,35.41089648307813,0.40976539685395363,20.62026596069336,92.05790710449219,0.6970215266693198,1.2692737579345703,1.762052059173584,-0.04444718360900879,-24.5998400655331,6659.617921772122,477773.8300150466,360242.2085465718,36.24101093201822,24.599844965299454,-24.599844965299454,35.14243577381475,-22.55743759516867,-24.599844965299454,36.24101093201822,0.6870403138755707,20.17782211303711,89.8515853881836,0.41796819163974663,5.411883488741582,0.6971481482060548,467470.65625,353757.125,cdnow_master_52x26,23502,52,26,sample,30,3.1972740439743097,0.08350728598817622,1.1922525277115215,2.877422414816392,1.8052191310723706,rolling_origin_autoregressive,0.75,rolling_origin_autoregressive,rolling_origin_autoregressive,1410.0,441.00067138671875,55157.349609375,19169.013671875,3.1972740439743097,2.877422414816392,2.0,False,absolute frequency bias -19.7% exceeds 15.0%,large frequency bias (-19.7%); large spend bias (-24.6%),125.0,120.0,True,5.0,0.1,4.0
lstm_joint_cdnow_full_seed7_sample,lstm_joint,cdnow,,7.0,sample,strict,B,valendin_aggregate_mape_v1,1.3398140668869019,0.5342268347740173,0.6759783172480721,29.856770453271054,-29.85676930721597,174.13198718256675,12798.0,8976.93051739037,35.3760874101167,-29.856770453271054,34.20567970381716,-28.20214412648298,-29.856770453271054,35.3760874101167,35.3760874101167,0.39593954849911783,19.820528030395508,66.28008270263672,0.7077310287986296,1.2960914373397827,1.7587953805923462,-0.04058992862701416,-37.98073382266007,7229.445919510705,477773.8300150466,296311.8071002318,39.34196100723196,37.98073722646131,-37.98073722646131,38.02059467305482,-36.514357008527156,-37.98073722646131,39.34196100723196,0.6520337704180216,19.38892936706543,64.65748596191406,0.4224525872273231,5.316020255141615,0.7077683030829711,467470.65625,290998.75,cdnow_master_52x26,23502,52,26,sample,30,2.999002309704475,0.08350728598817622,1.1826158701223184,2.5935864475686965,1.8052191310723706,rolling_origin_autoregressive,0.75,rolling_origin_autoregressive,rolling_origin_autoregressive,1410.0,470.15635681152344,55157.349609375,21266.8251953125,2.999002309704475,2.5935864475686965,2.0,False,absolute frequency bias -29.9% exceeds 15.0%,large frequency bias (-29.9%); large spend bias (-38.0%),125.0,120.0,True,5.0,0.1,4.0
transformer_joint_cdnow_full_seed2024_sample,transformer_joint,cdnow,,2024.0,sample,strict,B,valendin_aggregate_mape_v1,2.4137330055236816,0.5421955585479736,0.6853872239474671,19.415653420600282,-19.41565424040866,149.51407450953354,12798.0,10313.184675231576,30.3747924460687,-19.415653420600282,29.66301370523722,-17.803214791076634,-19.415653420600282,30.3747924460687,30.3747924460687,0.4036929685610498,20.19386863708496,71.01151275634766,0.7150758264848132,1.0963832139968872,1.687679409980774,0.041860222816467285,-14.435328380414319,5040.458255397463,477773.8300150466,408805.5837487158,27.429697151099052,14.435333610499082,-14.435333610499082,26.37947657926708,-12.471214596347178,-14.435333610499082,27.429697151099052,0.7089908054772789,19.775712966918945,69.51235961914062,0.4442067147753546,5.54184759134159,0.7150398827868594,467470.65625,401300.1875,cdnow_master_52x26,23502,52,26,sample,30,2.9315886941763463,0.08350728598817622,1.228694617475881,2.5979915460243794,1.8052191310723706,rolling_origin_autoregressive,0.75,rolling_origin_autoregressive,rolling_origin_autoregressive,1410.0,480.96788024902344,55157.349609375,21230.765625,2.9315886941763463,2.5979915460243794,2.0,False,absolute frequency bias -19.4% exceeds 15.0%,large frequency bias (-19.4%),125.0,120.0,True,5.0,0.1,4.0
transformer_joint_cdnow_full_seed42_sample,transformer_joint,cdnow,,42.0,sample,strict,B,valendin_aggregate_mape_v1,1.752511978149414,0.5184301137924194,0.6794363420757203,26.103522845403184,-26.103520203352087,176.1832503627699,12798.0,9457.2711462453,35.79281535733722,-26.103522845403184,35.38340829779884,-24.960798402411434,-26.103522845403184,35.79281535733722,35.79281535733722,0.3892438699717838,19.295215606689453,66.62360382080078,0.7132934867216345,1.0801185369491577,1.656396746635437,0.07705092430114746,-26.602755671126282,6567.330695083981,477773.8300150466,350672.8424126282,35.73879257195942,26.602752101013067,-26.602752101013067,35.15112028167954,-25.27120502148169,-26.602752101013067,35.73879257195942,0.6683906089220201,18.894014358520508,65.21188354492188,0.4371743811913308,5.559116016733226,0.7133494174685447,467470.65625,344307.71875,cdnow_master_52x26,23502,52,26,sample,30,2.6343464291721426,0.08350728598817622,1.2348474466881163,2.3846610412080467,1.8052191310723706,rolling_origin_autoregressive,0.75,rolling_origin_autoregressive,rolling_origin_autoregressive,1410.0,535.2371215820312,55157.349609375,23130.05859375,2.6343464291721426,2.3846610412080467,2.0,False,absolute frequency bias -26.1% exceeds 15.0%,large frequency bias (-26.1%); large spend bias (-26.6%),125.0,120.0,True,5.0,0.1,4.0
transformer_joint_cdnow_full_seed7_sample,transformer_joint,cdnow,,7.0,sample,strict,A,valendin_aggregate_mape_v1,2.359473943710327,0.5584726333618164,0.6917232624259104,10.375037784687446,-10.37504181561572,131.3958358810498,12798.0,11470.2026643157,26.693950093040282,-10.375037784687446,26.0284215180191,-8.31701838790929,-10.375037784687446,26.693950093040282,26.693950093040282,0.42063129489190076,20.735584259033203,81.5435562133789,0.7245705892223678,1.1445002555847168,1.7039408683776855,0.023307085037231445,-8.531796099644955,4801.815063882777,477773.8300150466,437011.0848308395,26.131023471298203,8.531807860410302,-8.531807860410302,25.196351281968983,-6.143635993143071,-8.531807860410296,26.131023471298203,0.7263879549364607,20.302196502685547,79.78937530517578,0.44465848073802544,5.573156052691493,0.7245138636212394,467470.65625,428512.0,cdnow_master_52x26,23502,52,26,sample,30,2.72010760122011,0.08350728598817622,1.2132991440270744,2.3894803195443157,1.8052191310723706,rolling_origin_autoregressive,0.75,rolling_origin_autoregressive,rolling_origin_autoregressive,1410.0,518.3618469238281,55157.349609375,23083.408203125,2.72010760122011,2.3894803195443157,2.0,True,,,125.0,120.0,True,5.0,0.1,4.0
pareto_nbd_dunnhumby,pareto_nbd,dunnhumby,,,,strict,A,valendin_aggregate_mape_v1,6.964311122894287,3.847224235534668,-0.12022170581442937,73.72207419500386,-73.72207435957505,2188.0711621077144,11872.0,3119.7153515691434,73.72207419500386,-73.72207419500386,73.71750230186382,-73.71750230186382,-73.72207419500386,73.72207419500386,73.72207419500386,1.2139975325591175,111.24744415283203,194.98196411132812,0.11045057144165712,1.8809969425201416,2.561251640319824,-0.49006128311157227,-71.24511074156844,61827.53538890603,347125.75980485417,99815.61824923006,71.24511349853609,71.24511349853609,-71.24511349853609,71.20204623556347,-71.20204623556347,-71.24511349853609,71.24511349853609,0.9600132797851263,110.95166015625,194.46617126464844,0.25579111174153696,2.1934042843269292,0.11044191181146758,346205.21875,99548.390625,dunnhumby_80x4,2498,80,4,benchmark_expected_total,0,,,,,,,,,,,,,,,,,,,,,,,,,
bgnbd_gg_dunnhumby,bgnbd_gg,dunnhumby,,,,strict,A,valendin_aggregate_mape_v1,4.139822483062744,2.41641902923584,0.7884608894634645,1.3111684682020848,-1.3111700587516846,50.02911187466486,11872.0,11716.338079455049,1.6856169769091938,-1.3111684682020848,1.6744654743088752,-1.2921596009539773,-1.3111684682020885,1.6856169769091938,1.6856169769091938,0.9623487484774759,70.744873046875,109.2636947631836,0.7760177511391725,1.1186250448226929,1.6536636352539062,0.37885355949401855,-2.763497810231595,3058.6636241658343,347125.75980485417,337532.939657348,3.524559659168299,2.763499935268143,-2.763499935268143,3.3998707010589677,-2.604773922819106,-2.7634999352681513,3.524559659168299,0.8406124004969321,70.55828094482422,108.97396087646484,0.7305961145430244,3.305783866980568,0.7760169902517061,346205.21875,336624.375,dunnhumby_80x4,2498,80,4,benchmark_expected_total,0,,,,,,,,,,,,,,,,,,,,,,,,,
lstm_base_dunnhumby_v6_seed2024_sample,lstm_base,dunnhumby,v6,2024.0,sample,strict,A,valendin_aggregate_mape_v1,3.7708566188812256,2.2421863079071045,0.8516690363734387,10.643327401918322,10.643330288704515,315.8939572889358,11872.0,13135.575829155743,10.643327401918322,10.643327401918322,10.661416197822499,10.661416197822499,10.643327401918322,10.643327401918322,10.643327401918322,1.0423717646717794,,,,,,,,,,,,,,,,,,,,,,,,,,dunnhumby_configured_80x4,2498,80,4,sample,30,1.2013996006608025,0.8235297098438245,,,,rolling_origin_autoregressive,0.9,,rolling_origin_autoregressive,2215.0,1843.6829833984375,0.0,0.0,1.2013996006608025,1.0,2.0,True,,,105.0,100.0,True,5.0,0.1,4.0
lstm_base_dunnhumby_v6_seed42_sample,lstm_base,dunnhumby,v6,42.0,sample,strict,A,valendin_aggregate_mape_v1,3.5258450508117676,2.153986930847168,0.8510835162735831,10.133105981247775,10.133102704893867,300.750585523434,11872.0,13075.002342093736,10.133105981247775,10.133105981247775,10.156046646717382,10.156046646717382,10.133105981247775,10.133105981247775,10.133105981247775,1.0156515894717273,,,,,,,,,,,,,,,,,,,,,,,,,,dunnhumby_configured_80x4,2498,80,4,sample,30,1.2760390670789918,0.8235297098438245,,,,rolling_origin_autoregressive,0.75,,rolling_origin_autoregressive,2215.0,1735.8402709960938,0.0,0.0,1.2760390670789918,1.0,2.0,True,,,105.0,100.0,True,5.0,0.1,4.0
lstm_base_dunnhumby_v6_seed7_sample,lstm_base,dunnhumby,v6,7.0,sample,strict,B,valendin_aggregate_mape_v1,3.6413419246673584,2.260633707046509,0.8510788655029325,16.292626299955593,16.292627545379883,483.565148582682,11872.0,13806.260594330728,16.292626299955593,16.292626299955593,16.317462189085436,16.317462189085436,16.292626299955593,16.292626299955593,16.292626299955593,1.0436468676772581,,,,,,,,,,,,,,,,,,,,,,,,,,dunnhumby_configured_80x4,2498,80,4,sample,30,1.2282898299577603,0.8235297098438245,,,,rolling_origin_autoregressive,0.9,,rolling_origin_autoregressive,2215.0,1803.3203125,0.0,0.0,1.2282898299577603,1.0,2.0,False,absolute frequency bias 16.3% exceeds 15.0%,large frequency bias (16.3%),105.0,100.0,True,5.0,0.1,4.0
lstm_joint_dunnhumby_v6_seed2024_sample,lstm_joint,dunnhumby,v6,2024.0,sample,strict,A,valendin_aggregate_mape_v1,4.134013652801514,2.306899309158325,0.8361070807744654,7.55454508228117,7.554540094339622,224.21889804210514,11872.0,12768.87559216842,7.55454508228117,7.55454508228117,7.567817276347738,7.567817276347738,7.55454508228117,7.55454508228117,7.55454508228117,1.060891919080137,64.0661392211914,103.21480560302734,0.8302250700354846,1.0545636415481567,1.5025800466537476,0.4871683716773987,-3.119159627310852,2706.8486132752296,347125.7604829216,336298.36602982075,3.119156134663656,3.119156134663639,-3.119156134663639,3.027620113349961,-3.027620113349961,-3.119156134663656,3.119156134663656,0.9724175504435458,63.894142150878906,102.93641662597656,0.7898188353925641,3.4201156004895705,0.8302301306736511,346205.21875,335398.78125,dunnhumby_configured_80x4,2498,80,4,sample,30,1.168938890112711,0.8235297098438245,1.5174732541897271,0.9224047892046233,27.51521755817735,rolling_origin_autoregressive,0.9,rolling_origin_autoregressive,rolling_origin_autoregressive,2215.0,1894.8809204101562,63355.44140625,68685.07421875,1.168938890112711,0.9224047892046233,2.0,True,,,94.0,100.0,True,5.0,0.1,4.0
lstm_joint_dunnhumby_v6_seed42_sample,lstm_joint,dunnhumby,v6,42.0,sample,strict,A,valendin_aggregate_mape_v1,3.9579012393951416,2.2883853912353516,0.8337797874407011,7.500876262476493,7.500875221108491,222.62600747030228,11872.0,12762.50402988121,7.500876262476493,7.500876262476493,7.519100073487395,7.519100073487395,7.500876262476493,7.500876262476493,7.500876262476493,1.0572621677474876,65.26178741455078,105.78255462646484,0.8291349151385891,1.057487964630127,1.4964405298233032,0.4913506507873535,-2.16090638623035,2795.3122481849896,347125.7604829216,339624.6827324139,3.2210945615746285,2.160910714339448,-2.160910714339448,3.10916324795279,-2.0015645483227043,-2.160910714339444,3.2210945615746285,0.9775497047796023,65.08578491210938,105.4931640625,0.7908423136088616,3.3792963325800236,0.8291455867938634,346205.21875,338707.28125,dunnhumby_configured_80x4,2498,80,4,sample,30,1.165281804076285,0.8235297098438245,1.5598681823716158,0.9218170471718864,27.51521755817735,rolling_origin_autoregressive,0.9,rolling_origin_autoregressive,rolling_origin_autoregressive,2215.0,1900.8277587890625,63355.44140625,68728.8671875,1.165281804076285,0.9218170471718864,2.0,True,,,104.0,100.0,True,5.0,0.1,4.0
lstm_joint_dunnhumby_v6_seed7_sample,lstm_joint,dunnhumby,v6,7.0,sample,strict,A,valendin_aggregate_mape_v1,3.492990493774414,2.1952576637268066,0.8423951611951145,10.097253298941707,10.097254832799866,299.6864779125899,11872.0,13070.74591165036,10.097253298941707,10.097253298941707,10.121071270555278,10.121071270555278,10.097253298941707,10.097253298941707,10.097253298941707,1.0320799630513748,65.1127700805664,103.83353424072266,0.8301808335593291,1.0651936531066895,1.5153944492340088,0.4783838987350464,0.46371883964240623,2771.304086553897,347125.7604829216,348735.42872420466,3.193429473742838,0.46371327758667924,0.46371327758667924,3.1987314326980556,0.6126402557346142,0.46371327758666664,3.193429473742838,0.9809240383644277,64.93573760986328,103.55052947998047,0.7894048104950633,3.4070275503806458,0.8301948426024948,346205.21875,347805.90625,dunnhumby_configured_80x4,2498,80,4,sample,30,1.1900289898262453,0.8235297098438245,1.5597056612986246,0.9097971037711019,27.51521755817735,rolling_origin_autoregressive,0.9,rolling_origin_autoregressive,rolling_origin_autoregressive,2215.0,1861.2991943359375,63355.44140625,69636.890625,1.1900289898262453,0.9097971037711019,2.0,True,,,104.0,100.0,True,5.0,0.1,4.0
transformer_joint_dunnhumby_v7_twostage_seed2024_sample,transformer_joint,dunnhumby,v7_twostage,2024.0,sample,strict,A,valendin_aggregate_mape_v1,3.6356194019317627,2.169801950454712,0.8421650076731754,6.185758084051231,6.185756796453841,183.59329993464053,11872.0,12606.373199738562,6.185758084051231,6.185758084051231,6.210212797575025,6.210212797575025,6.185758084051231,6.185758084051231,6.185758084051231,1.0229120620003505,77.0543441772461,120.04576873779297,0.7747743863285028,1.1017365455627441,1.5719783306121826,0.4387030005455017,5.736429809658315,9687.979644509316,347125.7604829216,367038.3720148823,11.163653923040908,5.736425756549505,5.736425756549505,11.12652970223201,6.0350238171353014,5.7364257565494885,11.163653923040908,1.0774378737640529,76.8418960571289,119.72090911865234,0.7577232145059521,3.222922606781635,0.7747750910889012,346205.21875,365995.5,dunnhumby_configured_80x4,2498,80,4,sample,30,1.0529129785058777,0.8235297098438245,1.4159039748507651,1.0051591664866315,27.51521755817735,rolling_origin_autoregressive,0.9,rolling_origin_autoregressive,rolling_origin_autoregressive,2215.0,2103.6876220703125,63355.44140625,63030.2578125,1.0529129785058777,1.0051591664866315,2.0,True,,,125.0,120.0,True,5.0,0.1,4.0
transformer_joint_dunnhumby_v7_twostage_seed42_sample,transformer_joint,dunnhumby,v7_twostage,42.0,sample,strict,A,valendin_aggregate_mape_v1,3.753278970718384,2.2318572998046875,0.8417768471996456,5.877404324139275,5.877405870956873,174.44136034045368,11872.0,12569.765441361815,5.877404324139275,5.877404324139275,5.90459141408229,5.90459141408229,5.877404324139275,5.877404324139275,5.877404324139275,1.016828880369543,74.14338684082031,118.87893676757812,0.77770130508191,1.0552258491516113,1.4836407899856567,0.5000147819519043,-1.877372609205742,7227.6123785747,347125.7604829216,340608.89801354345,8.328523205560591,1.8773779451896326,-1.8773779451896326,8.031282352654301,-1.5432931355462094,-1.8773779451896537,8.328523205560591,1.0359596571124348,73.94171905517578,118.5598373413086,0.7589471479067055,3.183645220709787,0.7776906794506345,346205.21875,339633.09375,dunnhumby_configured_80x4,2498,80,4,sample,30,1.1860170195554816,0.8235297098438245,1.392798294822693,1.0511374814083096,27.51521755817735,rolling_origin_autoregressive,0.75,rolling_origin_autoregressive,rolling_origin_autoregressive,2215.0,1867.595458984375,63355.44140625,60273.220703125,1.1860170195554816,1.0511374814083096,2.0,True,,,125.0,120.0,True,5.0,0.1,4.0
transformer_joint_dunnhumby_v7_twostage_seed7_sample,transformer_joint,dunnhumby,v7_twostage,7.0,sample,strict,A,valendin_aggregate_mape_v1,3.5518136024475098,2.2028825283050537,0.8474004636699087,11.744103491660256,11.744101799401955,348.56499163247645,11872.0,13266.259966529906,11.744103491660256,11.744103491660256,11.777724578815912,11.777724578815912,11.744103491660256,11.744103491660256,11.744103491660256,1.035984507122972,72.1822738647461,120.01371002197266,0.7756487672994933,1.0607339143753052,1.5025852918624878,0.4871647357940674,-15.412687261028605,13375.348869385452,347125.7604829216,293624.36500537983,15.412683692247626,15.412683692247617,-15.412683692247617,15.338396255060385,-15.338396255060385,-15.412683692247626,15.412683692247626,1.0062631280869492,71.98953247070312,119.69329833984375,0.7571744944353821,3.240338771622611,0.775647010990676,346205.21875,292823.1875,dunnhumby_configured_80x4,2498,80,4,sample,30,1.1271626381137285,0.8235297098438245,1.4731919673423262,0.9979409575444206,27.51521755817735,rolling_origin_autoregressive,0.9,rolling_origin_autoregressive,rolling_origin_autoregressive,2215.0,1965.1112670898438,63355.44140625,63486.162109375,1.1271626381137285,0.9979409575444206,2.0,True,,,125.0,120.0,True,5.0,0.1,4.0
extension3_lstm_dynamic_dunnhumby_v8_seed2024_sample,extension3_lstm_dynamic,dunnhumby,v8,2024.0,sample,strict,A,valendin_aggregate_mape_v1,3.3863751888275146,2.0225210189819336,0.8519092069398561,9.283370995263988,-9.283373233764319,275.5304511394352,11872.0,10769.87819544226,9.283370995263988,-9.283370995263988,9.27155831489638,-9.27155831489638,-9.283370995263988,9.283370995263988,9.283370995263988,0.9538229547449005,67.27204895019531,110.54248809814453,0.8278122124663867,1.0215638875961304,1.4378278255462646,0.5304158926010132,0.6468657251730822,1826.5407107393949,347125.7604829216,349371.18336957355,2.104759621640653,0.6468614958244835,0.6468614958244835,2.107527426549087,0.7398132528029457,0.6468614958244625,2.104759621640653,0.9861638992032566,67.09168243408203,110.24410247802734,0.7935482417559465,3.375219449834652,0.8278055074540198,346205.21875,348438.15625,dunnhumby_configured_80x4,2498,80,4,sample,30,1.0689164915684843,0.8235297098438245,1.4935656090447003,0.9874311904526006,27.51521755817735,rolling_origin_autoregressive,0.75,rolling_origin_autoregressive,rolling_origin_autoregressive,2215.0,1736.3479614257812,63355.44140625,66709.265625,1.0689164915684843,0.9874311904526006,2.0,True,,,120.0,120.0,,,,
extension3_lstm_dynamic_dunnhumby_v8_seed42_sample,extension3_lstm_dynamic,dunnhumby,v8,42.0,sample,strict,A,valendin_aggregate_mape_v1,3.1491873264312744,1.9708174467086792,0.8551045248778666,3.5094096401274566,-3.50940632370283,104.15927811898291,11872.0,11455.362887524068,3.5094096401274566,-3.5094096401274566,3.497543611407568,-3.497543611407568,-3.5094096401274566,3.5094096401274566,3.5094096401274566,0.9705349349689794,66.23050689697266,106.7971420288086,0.8310193005209574,1.062790036201477,1.5224007368087769,0.47354942560195923,1.3682181457296094,3671.77365009586,347125.7604829216,351875.161366059,4.23105867451345,1.368207555823571,1.368207555823571,4.23040412807291,1.5446457866489849,1.3682075558235751,4.23105867451345,0.9937677562042477,66.0506362915039,106.5091781616211,0.7936335729643739,3.412770884311708,0.8310193292657166,346205.21875,350926.5,dunnhumby_configured_80x4,2498,80,4,sample,30,1.0361124379774729,0.8235297098438245,1.4878435819241582,0.9795388247561813,27.51521755817735,rolling_origin_autoregressive,0.9,rolling_origin_autoregressive,rolling_origin_autoregressive,2215.0,1935.4279174804688,63355.44140625,69002.96875,1.0361124379774729,0.9795388247561813,2.0,True,,,120.0,120.0,,,,
extension3_lstm_dynamic_dunnhumby_v8_seed7_sample,extension3_lstm_dynamic,dunnhumby,v8,7.0,sample,strict,A,valendin_aggregate_mape_v1,3.228917121887207,1.9951257705688477,0.8520527845773767,1.5805116397105259,-1.5805144194322778,56.24025299213827,11872.0,11684.361658133566,1.894887230193338,-1.5805116397105259,1.885616293657729,-1.5646438985586624,-1.5805116397105259,1.894887230193338,1.894887230193338,0.9757411386204058,66.64036560058594,106.43142700195312,0.8268572513975126,1.068840742111206,1.5335232019424438,0.46582895517349243,2.7219422644387516,3505.5780498290405,347125.7604829216,356574.30941159383,4.039548139500886,2.721938272609727,2.721938272609727,4.101051625676458,2.864947635621645,2.72193827260971,4.039548139500886,0.9931271354392215,66.46139526367188,106.14460754394531,0.789698193736766,3.4018711032452376,0.8268617926805917,346205.21875,355618.75,dunnhumby_configured_80x4,2498,80,4,sample,30,1.0523009369468452,0.8235297098438245,1.470411051129052,0.9871732348331607,27.51521755817735,rolling_origin_autoregressive,0.9,rolling_origin_autoregressive,rolling_origin_autoregressive,2215.0,1831.783935546875,63355.44140625,66781.8203125,1.0523009369468452,0.9871732348331607,2.0,True,,,120.0,120.0,,,,
extension3_lstm_full_dunnhumby_v8_seed2024_sample,extension3_lstm_full,dunnhumby,v8,2024.0,sample,strict,A,valendin_aggregate_mape_v1,3.3593714237213135,2.041517496109009,0.8521587982981041,3.7452163523680597,-3.7452224772574123,111.15802133828402,11872.0,11427.367914646864,3.7452163523680597,-3.7452163523680597,3.7311564555805874,-3.7311564555805874,-3.7452163523680597,3.7452163523680597,3.7452163523680597,0.978171666003613,65.87615966796875,106.78881072998047,0.8313779119808044,1.0580443143844604,1.5136228799819946,0.47960275411605835,2.90460301490166,3021.909990211385,347125.7604829216,357208.3619605609,3.4822077001802474,2.9045961508625466,2.9045961508625466,3.5470516357022626,3.0051704926155143,2.9045961508625338,3.4822077001802474,0.9931623837882457,65.69871520996094,106.50347137451172,0.7949113930751939,3.3855098453866646,0.831362177529169,346205.21875,356250.875,dunnhumby_configured_80x4,2498,80,4,sample,30,1.0456679906152893,0.8235297098438245,1.5021639472492823,0.9828724861562925,27.51521755817735,rolling_origin_autoregressive,0.9,rolling_origin_autoregressive,rolling_origin_autoregressive,2215.0,1872.8777465820312,63355.44140625,68015.1640625,1.0456679906152893,0.9828724861562925,2.0,True,,,120.0,120.0,,,,
extension3_lstm_full_dunnhumby_v8_seed42_sample,extension3_lstm_full,dunnhumby,v8,42.0,sample,strict,A,valendin_aggregate_mape_v1,3.1488044261932373,1.9612492322921753,0.8577337605523302,2.9915644219923374,-2.99156168400438,88.78963204473257,11872.0,11516.84147182107,2.9915644219923374,-2.9915644219923374,2.980664448264547,-2.980664448264547,-2.9915644219923374,2.9915644219923374,2.9915644219923374,0.965038292690386,65.38716888427734,105.52460479736328,0.8306546260953147,1.0565872192382812,1.5050585269927979,0.4854750633239746,1.0160222916335073,3103.453268891444,347125.7604829216,350652.6407004594,3.576171661329793,1.016023764018899,1.016023764018899,3.576744183390833,1.1749641796761028,1.0160237640188863,3.576171661329793,0.9878437587262705,65.21134948730469,105.24031829833984,0.7949987463901786,3.390441090423004,0.8306564157525003,346205.21875,349711.1875,dunnhumby_configured_80x4,2498,80,4,sample,30,1.0367239248168851,0.8235297098438245,1.4772792649944666,0.9853368221450667,27.51521755817735,rolling_origin_autoregressive,0.9,rolling_origin_autoregressive,rolling_origin_autoregressive,2215.0,1931.30029296875,63355.44140625,67302.94140625,1.0367239248168851,0.9853368221450667,2.0,True,,,120.0,120.0,,,,
extension3_lstm_full_dunnhumby_v8_seed7_sample,extension3_lstm_full,dunnhumby,v8,7.0,sample,strict,A,valendin_aggregate_mape_v1,3.223585605621338,1.9841017723083496,0.8555791419852851,4.080348310118536,-4.080348259033862,121.10473784431815,11872.0,11387.581048622727,4.080348310118536,-4.080348310118536,4.065284397012808,-4.065284397012808,-4.080348310118536,4.080348310118536,4.080348310118536,0.9652729833388305,66.8619613647461,108.9271469116211,0.8314556580085973,1.0511245727539062,1.4976972341537476,0.4904959201812744,3.7845705050691283,4227.966408275999,347125.7604829216,360262.9710456065,4.871970783607703,3.7845680321761104,3.7845680321761104,4.962150621564588,3.9420133915568814,3.784568032176102,4.871970783607703,0.9955010265102368,66.68352508544922,108.6331787109375,0.7946498487225796,3.4264046910762676,0.8314587112712928,346205.21875,359295.65625,dunnhumby_configured_80x4,2498,80,4,sample,30,1.0613423074945911,0.8235297098438245,1.5060420948348348,0.9853557549099681,27.51521755817735,rolling_origin_autoregressive,0.9,rolling_origin_autoregressive,rolling_origin_autoregressive,2215.0,1778.5889892578125,63355.44140625,67297.52734375,1.0613423074945911,0.9853557549099681,2.0,True,,,120.0,120.0,,,,
extension3_lstm_none_dunnhumby_v8_seed2024_sample,extension3_lstm_none,dunnhumby,v8,2024.0,sample,strict,A,valendin_aggregate_mape_v1,3.4349522590637207,2.028834104537964,0.8520830742118701,9.518353993542533,-9.518358585326819,282.50474652834237,11872.0,10741.98101388663,9.518353993542533,-9.518353993542533,9.504056972618372,-9.504056972618372,-9.518353993542533,9.518353993542533,9.518353993542533,0.9562993523690141,67.31514739990234,109.36070251464844,0.8281541446599011,1.0186352729797363,1.4338701963424683,0.5329973697662354,1.0577758924539593,2295.2259842027634,347125.7604829216,350797.5810170791,2.644835094934635,1.0577781749903175,1.0577781749903175,2.647169886251392,1.1582865373311375,1.0577781749902921,2.644835094934635,0.9856107471044094,67.13414764404297,109.06791687011719,0.7937206017703716,3.3631563861821845,0.8281555955029488,346205.21875,349856.65625,dunnhumby_configured_80x4,2498,80,4,sample,30,1.0686854338257845,0.8235297098438245,1.486821814618831,0.9843922770262115,27.51521755817735,rolling_origin_autoregressive,0.75,rolling_origin_autoregressive,rolling_origin_autoregressive,2215.0,1737.6068725585938,63355.44140625,67574.15625,1.0686854338257845,0.9843922770262115,2.0,True,,,120.0,120.0,,,,
extension3_lstm_none_dunnhumby_v8_seed42_sample,extension3_lstm_none,dunnhumby,v8,42.0,sample,strict,A,valendin_aggregate_mape_v1,3.1617894172668457,1.9724291563034058,0.8554759902772658,2.1566943118644932,-2.156696165347035,64.01068717613816,11872.0,11615.957251295447,2.1566943118644932,-2.1566943118644932,2.144238922720666,-2.144238922720666,-2.1566943118644932,2.1566943118644932,2.1566943118644932,0.9697279393371582,66.1224594116211,105.3816146850586,0.8291323742511526,1.060882568359375,1.5209136009216309,0.47457748651504517,2.0012380239725807,3454.5326667843983,347125.7604829216,354072.5595083596,3.980727517287625,2.0012340817845318,2.0012340817845318,4.012368938865627,2.1553247595548513,2.001234081784515,3.980727517287625,0.9933540050865524,65.9429702758789,105.09732055664062,0.7922816883035438,3.383839053042177,0.8291290468393396,346205.21875,353121.6875,dunnhumby_configured_80x4,2498,80,4,sample,30,1.0352080394323855,0.8235297098438245,1.4795271422181886,0.9821280236623844,27.51521755817735,rolling_origin_autoregressive,0.9,rolling_origin_autoregressive,rolling_origin_autoregressive,2215.0,1941.565185546875,63355.44140625,68233.296875,1.0352080394323855,0.9821280236623844,2.0,True,,,120.0,120.0,,,,
extension3_lstm_none_dunnhumby_v8_seed7_sample,extension3_lstm_none,dunnhumby,v8,7.0,sample,strict,A,valendin_aggregate_mape_v1,3.218996286392212,1.9935139417648315,0.8524669416663379,1.5302698004292952,-1.5302714633170484,66.88488137349486,11872.0,11690.326369293034,2.253533738999153,-1.5302698004292952,2.2489772095770766,-1.5105364219350614,-1.5302698004292952,2.253533738999153,2.253533738999153,0.9717521109855282,67.33867645263672,107.8628158569336,0.8266625696747443,1.07085120677948,1.5328326225280762,0.46630996465682983,3.2766403817636696,3860.074047772341,347125.7604829216,358499.80624223035,4.448041012458658,3.276635460152872,3.276635460152872,4.5388770061079065,3.4399332947997983,3.2766354601528507,4.448041012458658,0.9969215062262544,67.1576156616211,107.57097625732422,0.787811471817158,3.398384099865575,0.8266580778056528,346205.21875,357542.15625,dunnhumby_configured_80x4,2498,80,4,sample,30,1.0558118282987714,0.8235297098438245,1.4500911374050596,0.9855126752601894,27.51521755817735,rolling_origin_autoregressive,0.9,rolling_origin_autoregressive,rolling_origin_autoregressive,2215.0,1810.7540283203125,63355.44140625,67252.6875,1.0558118282987714,0.9855126752601894,2.0,True,,,120.0,120.0,,,,
extension3_lstm_static_dunnhumby_v8_seed2024_sample,extension3_lstm_static,dunnhumby,v8,2024.0,sample,strict,A,valendin_aggregate_mape_v1,3.2891786098480225,2.016561269760132,0.853282734538662,3.4147481464170863,-3.4147442511792456,101.34972498565912,11872.0,11466.601100057364,3.4147481464170863,-3.4147481464170863,3.402843872122409,-3.402843872122409,-3.4147481464170863,3.4147481464170863,3.4147481464170863,0.9718767533595313,65.83043670654297,105.09689331054688,0.8313239375265712,1.0572035312652588,1.506346344947815,0.4845942258834839,2.4721768696214554,2696.9190883015,347125.7604829216,355707.30622381833,3.1077141431964534,2.472171967000682,2.472171967000682,3.1606934988909057,2.564465252894762,2.472171967000661,3.1077141431964534,0.9890214646806564,65.65298461914062,104.81442260742188,0.7941849483382485,3.3563924465886927,0.8313171846724461,346205.21875,354754.625,dunnhumby_configured_80x4,2498,80,4,sample,30,1.0415851261323636,0.8235297098438245,1.486707202297366,0.9855820772436475,27.51521755817735,rolling_origin_autoregressive,0.9,rolling_origin_autoregressive,rolling_origin_autoregressive,2215.0,1899.1023559570312,63355.44140625,67232.875,1.0415851261323636,0.9855820772436475,2.0,True,,,120.0,120.0,,,,
extension3_lstm_static_dunnhumby_v8_seed42_sample,extension3_lstm_static,dunnhumby,v8,42.0,sample,strict,A,valendin_aggregate_mape_v1,3.1544928550720215,1.9711413383483887,0.8582608478927298,3.2207345940496497,-3.220731421622305,95.59140275139362,11872.0,11489.634388994426,3.2207345940496497,-3.2207345940496497,3.2088059533858586,-3.2088059533858586,-3.2207345940496497,3.2207345940496497,3.2207345940496497,0.9684301764469865,66.1534194946289,107.44776916503906,0.8325317043261596,1.055216670036316,1.5045475959777832,0.4858244061470032,2.9292968758439843,4461.061182751615,347125.7604829216,357294.0792501791,5.1405705834627575,2.929289590352306,2.929289590352306,5.183738533054546,3.1092449159374755,2.929289590352293,5.1405705834627575,0.9944674826913608,65.97532653808594,107.15743255615234,0.7962576216687414,3.3889412219303927,0.8325346994050251,346205.21875,356328.78125,dunnhumby_configured_80x4,2498,80,4,sample,30,1.0384517130222375,0.8235297098438245,1.4993158685621912,0.9838543938489765,27.51521755817735,rolling_origin_autoregressive,0.9,rolling_origin_autoregressive,rolling_origin_autoregressive,2215.0,1919.7320556640625,63355.44140625,67729.58203125,1.0384517130222375,0.9838543938489765,2.0,True,,,120.0,120.0,,,,
extension3_lstm_static_dunnhumby_v8_seed7_sample,extension3_lstm_static,dunnhumby,v8,7.0,sample,strict,A,valendin_aggregate_mape_v1,3.2213025093078613,1.986067771911621,0.8548488517426138,1.5291390981966995,-1.529136308119946,62.27550648525357,11872.0,11690.460606262088,2.0982313505813197,-1.5291390981966995,2.093071415118832,-1.5120374264440632,-1.5291390981966995,2.0982313505813197,2.0982313505813197,0.9722531419746296,66.17446899414062,106.32127380371094,0.8292230861913104,1.0648397207260132,1.5252825021743774,0.4715545177459717,3.05115473283097,3842.2396937694357,347125.7604829216,357717.0707012458,4.4274901274098575,3.0511449808823023,3.0511449808823023,4.498696359257662,3.207490388457336,3.051144980882286,4.4274901274098575,0.9918083746176692,65.99578094482422,106.03536987304688,0.7921777649707586,3.3804486722089755,0.8292203653222984,346205.21875,356757.9375,dunnhumby_configured_80x4,2498,80,4,sample,30,1.0581973523733683,0.8235297098438245,1.4529058800620391,0.99033925859241,27.51521755817735,rolling_origin_autoregressive,0.9,rolling_origin_autoregressive,rolling_origin_autoregressive,2215.0,1796.7383422851562,63355.44140625,65902.09375,1.0581973523733683,0.99033925859241,2.0,True,,,120.0,120.0,,,,
extension3_transformer_dynamic_dunnhumby_v8_seed2024_sample,extension3_transformer_dynamic,dunnhumby,v8,2024.0,sample,strict,A,valendin_aggregate_mape_v1,3.5808019638061523,2.0900557041168213,0.8468887596478151,2.982385041797157,-2.9823817332799867,88.51718804053962,11872.0,11517.931247837842,2.982385041797157,-2.982385041797157,2.9645104219064597,-2.9645104219064597,-2.982385041797157,2.982385041797157,2.982385041797157,0.9821013077210257,67.90933227539062,110.74016571044922,0.8228714282698365,0.9915116429328918,1.4519654512405396,0.5211359858512878,2.555981153803773,4839.85923836823,347125.7604829216,355998.2337822015,5.577067206576676,2.555982387171864,2.555982387171864,5.587709564491759,2.753505682601166,2.55598238717186,5.577067206576676,1.0019405170608524,67.72647857666016,110.44247436523438,0.789956546094927,3.3719054175766563,0.8228523929256241,346205.21875,355030.28125,dunnhumby_configured_80x4,2498,80,4,sample,30,1.041064043463781,0.8235297098438245,1.4477949398945735,0.9945777427311868,27.51521755817735,rolling_origin_autoregressive,0.75,rolling_origin_autoregressive,rolling_origin_autoregressive,2215.0,1902.5022583007812,63355.44140625,64760.0234375,1.041064043463781,0.9945777427311868,2.0,True,,,120.0,120.0,,,,
extension3_transformer_dynamic_dunnhumby_v8_seed42_sample,extension3_transformer_dynamic,dunnhumby,v8,42.0,sample,strict,A,valendin_aggregate_mape_v1,3.374804973602295,2.0373106002807617,0.8448970373040698,5.696583086137743,-5.696587164125674,169.0745859965682,11872.0,11195.701656013727,5.696583086137743,-5.696583086137743,5.679426232582692,-5.679426232582692,-5.696583086137743,5.696583086137743,5.696583086137743,0.9679277029526258,67.55237579345703,109.23477935791016,0.8212036913220355,1.0005261898040771,1.4536329507827759,0.520035445690155,1.3143561807212516,4322.074051195254,347125.7604829216,351688.2353296713,4.980412914538386,1.3143578973805818,1.3143578973805818,4.939289439261223,1.500012496715728,1.3143578973805568,4.980412914538386,0.9920258560519525,67.37075805664062,108.9367446899414,0.7869259108968656,3.3900892674123364,0.8211980573814064,346205.21875,350728.5625,dunnhumby_configured_80x4,2498,80,4,sample,30,1.0485459383620495,0.8235297098438245,1.4709731934268724,0.9916899467876562,27.51521755817735,rolling_origin_autoregressive,0.75,rolling_origin_autoregressive,rolling_origin_autoregressive,2215.0,1854.8234252929688,63355.44140625,65533.798828125,1.0485459383620495,0.9916899467876562,2.0,True,,,120.0,120.0,,,,
extension3_transformer_dynamic_dunnhumby_v8_seed7_sample,extension3_transformer_dynamic,dunnhumby,v8,7.0,sample,strict,A,valendin_aggregate_mape_v1,3.317340850830078,2.0508687496185303,0.8490922709319559,0.72522637204611,0.7252243329893868,27.834627524018288,11872.0,11958.098874889314,0.9378243774938776,0.72522637204611,0.949063198447007,0.7393620086268095,0.72522637204611,0.9378243774938776,0.9378243774938776,0.9894366350654137,65.19731140136719,104.39155578613281,0.8248227015459311,1.0398249626159668,1.5056270360946655,0.48508626222610474,-5.221954867940508,4531.696592410586,347125.7604829216,328998.9741132793,5.22196518760934,5.221965187609327,-5.221965187609327,5.105550636575927,-5.105550636575927,-5.22196518760934,5.22196518760934,0.9779818986285493,65.02479553222656,104.1106185913086,0.7867855679166708,3.3790818300116214,0.8248285012047277,346205.21875,328126.375,dunnhumby_configured_80x4,2498,80,4,sample,30,1.0396816370506818,0.8235297098438245,1.465595017961479,0.9852514439997758,27.51521755817735,rolling_origin_autoregressive,0.9,rolling_origin_autoregressive,rolling_origin_autoregressive,2215.0,1911.581298828125,63355.44140625,67327.3671875,1.0396816370506818,0.9852514439997758,2.0,True,,,120.0,120.0,,,,
extension3_transformer_full_dunnhumby_v8_seed2024_sample,extension3_transformer_full,dunnhumby,v8,2024.0,sample,strict,A,valendin_aggregate_mape_v1,3.556849479675293,2.087980031967163,0.8455963224090706,4.718365638285896,-4.71836306014151,140.04109214432538,11872.0,11311.835631422698,4.718365638285896,-4.718365638285896,4.707011904315954,-4.707011904315954,-4.718365638285896,4.718365638285896,4.718365638285896,0.9788594255438252,67.29989624023438,107.7901611328125,0.8226287160014124,1.0122039318084717,1.466446042060852,0.5115369558334351,3.4274322777840593,4638.9654655034465,347125.7604829216,359023.23937018384,5.3455732689498054,3.4274260921201725,3.4274260921201725,5.417686703785011,3.6181939720056024,3.427426092120156,5.3455732689498054,0.9984141185418804,67.12114715576172,107.50299835205078,0.7901522538384639,3.386090834239718,0.8226277578263608,346205.21875,358056.8125,dunnhumby_configured_80x4,2498,80,4,sample,30,1.047354053524608,0.8235297098438245,1.4492574096281077,0.9936823531020271,27.51521755817735,rolling_origin_autoregressive,0.75,rolling_origin_autoregressive,rolling_origin_autoregressive,2215.0,1862.2581176757812,63355.44140625,64997.978515625,1.047354053524608,0.9936823531020271,2.0,True,,,120.0,120.0,,,,
extension3_transformer_full_dunnhumby_v8_seed42_sample,extension3_transformer_full,dunnhumby,v8,42.0,sample,strict,A,valendin_aggregate_mape_v1,3.393218755722046,2.0354654788970947,0.8469527971821577,8.855638283523266,-8.85563359427645,262.83534425497055,11872.0,10820.658622980118,8.855638283523266,-8.855638283523266,8.844441762888017,-8.844441762888017,-8.855638283523266,8.855638283523266,8.855638283523266,0.9608367803366914,68.4384536743164,111.0787124633789,0.8240115366228348,0.9875503778457642,1.4232503175735474,0.5398894548416138,2.4340962893130227,5426.8495656153755,347125.7604829216,355575.1244822149,6.253467974333611,2.434093046721321,2.434093046721321,6.228438163125182,2.6453255087883307,2.434093046721321,6.253467974333611,0.9968375953902722,68.25126647949219,110.77433776855469,0.7924235065295091,3.3850911912106874,0.8240160966244774,346205.21875,354598.8125,dunnhumby_configured_80x4,2498,80,4,sample,30,1.0470517272935331,0.8235297098438245,1.4797480673214003,0.996077923728343,27.51521755817735,rolling_origin_autoregressive,0.75,rolling_origin_autoregressive,rolling_origin_autoregressive,2215.0,1864.1534423828125,63355.44140625,64365.22265625,1.0470517272935331,0.996077923728343,2.0,True,,,120.0,120.0,,,,
extension3_transformer_full_dunnhumby_v8_seed7_sample,extension3_transformer_full,dunnhumby,v8,7.0,sample,strict,A,valendin_aggregate_mape_v1,3.298006296157837,2.0364818572998047,0.8501528851413482,5.338592620408338,-5.338593763161219,158.44942897371948,11872.0,11238.202284105122,5.338592620408338,-5.338592620408338,5.315268143069713,-5.315268143069713,-5.338592620408338,5.338592620408338,5.338592620408338,0.9667421023525447,66.44207000732422,107.11783599853516,0.8260907255156381,0.9948107004165649,1.426247239112854,0.5379496812820435,-1.0099185957826524,3321.678884015422,347125.7604829216,343620.08809239976,3.827637429609718,1.0099142125449747,-1.0099142125449747,3.779471534155961,-0.8409417490058181,-1.009914212544979,3.827637429609718,0.9784016850666715,66.26358795166016,106.83025360107422,0.7929325953516674,3.3790559562427815,0.8260860221417841,346205.21875,342702.375,dunnhumby_configured_80x4,2498,80,4,sample,30,1.0656682790058833,0.8235297098438245,1.4747659421718493,0.9920170162552421,27.51521755817735,rolling_origin_autoregressive,0.75,rolling_origin_autoregressive,rolling_origin_autoregressive,2215.0,1754.2149047851562,63355.44140625,65445.234375,1.0656682790058833,0.9920170162552421,2.0,True,,,120.0,120.0,,,,
extension3_transformer_none_dunnhumby_v8_seed2024_sample,extension3_transformer_none,dunnhumby,v8,2024.0,sample,strict,A,valendin_aggregate_mape_v1,3.657717227935791,2.0926926136016846,0.8458603430813882,3.348633749448165,-3.3486337995914757,99.38744968362153,11872.0,11474.450201265514,3.348633749448165,-3.348633749448165,3.331435339785032,-3.331435339785032,-3.348633749448165,3.348633749448165,3.348633749448165,0.9818035360733146,67.1300048828125,107.35066986083984,0.8240238039172261,0.9846968650817871,1.4371488094329834,0.5308593511581421,2.7736796391509415,4513.605338233163,347125.7604829216,356753.9115528804,5.201118271319111,2.7736780631215963,2.7736780631215963,5.233774919209229,2.956493454968142,2.773678063121592,5.201118271319111,0.9900956176411013,66.95184326171875,107.0626449584961,0.7929266005489695,3.388169587174801,0.8240237769394189,346205.21875,355788.40625,dunnhumby_configured_80x4,2498,80,4,sample,30,1.0452737883750332,0.8235297098438245,1.4474158710393825,0.9948330749142434,27.51521755817735,rolling_origin_autoregressive,0.75,rolling_origin_autoregressive,rolling_origin_autoregressive,2215.0,1875.3781127929688,63355.44140625,64692.486328125,1.0452737883750332,0.9948330749142434,2.0,True,,,120.0,120.0,,,,
extension3_transformer_none_dunnhumby_v8_seed42_sample,extension3_transformer_none,dunnhumby,v8,42.0,sample,strict,A,valendin_aggregate_mape_v1,3.3762383460998535,2.0271098613739014,0.84694266088715,8.127211780109093,-8.127217665515499,241.2156456336379,11872.0,10907.137417465448,8.127211780109093,-8.127211780109093,8.111466482899269,-8.111466482899269,-8.127211780109093,8.127211780109093,8.127211780109093,0.9598322827953153,68.75096893310547,111.25914764404297,0.820007894241255,0.9966152906417847,1.4343702793121338,0.5326715707778931,1.3910664939146693,5145.475763233553,347125.7604829216,351954.5391938725,5.92923527896652,1.391074722957197,1.391074722957197,5.852167402768023,1.5947323973455725,1.3910747229571885,5.92923527896652,0.9945373271212266,68.56465148925781,110.9546890258789,0.7881443300288735,3.3988986245095014,0.8200063984369846,346205.21875,350982.8125,dunnhumby_configured_80x4,2498,80,4,sample,30,1.0529719039763026,0.8235297098438245,1.4667444634680082,0.998475853755987,27.51521755817735,rolling_origin_autoregressive,0.75,rolling_origin_autoregressive,rolling_origin_autoregressive,2215.0,1827.7272338867188,63355.44140625,63744.0625,1.0529719039763026,0.998475853755987,2.0,True,,,120.0,120.0,,,,
extension3_transformer_none_dunnhumby_v8_seed7_sample,extension3_transformer_none,dunnhumby,v8,7.0,sample,strict,A,valendin_aggregate_mape_v1,3.434365749359131,2.0878772735595703,0.8480348764868603,2.8461582840400226,-2.846163109627695,105.07823524717242,11872.0,11534.104088518769,3.540371807519286,-2.8461582840400226,3.520959672850357,-2.8121788893324844,-2.8461582840400226,3.540371807519286,3.540371807519286,0.9780013268555658,66.75358581542969,108.02885437011719,0.8200819751503554,0.9879501461982727,1.4142296314239502,0.5457034111022949,-4.100693336636651,4609.136524754591,347125.7604829216,332891.18116034626,5.311200780192581,4.100698059047016,-4.100698059047016,5.233881600981136,-3.969241280968727,-4.1006980590470326,5.311200780192581,0.9722098964998107,66.57744598388672,107.7411117553711,0.7868055817178188,3.3920074586863525,0.8200813001630408,346205.21875,332009.75,dunnhumby_configured_80x4,2498,80,4,sample,30,1.063445016961009,0.8235297098438245,1.4639978865601802,0.986009281124645,27.51521755817735,rolling_origin_autoregressive,0.75,rolling_origin_autoregressive,rolling_origin_autoregressive,2215.0,1766.6575317382812,63355.44140625,67111.17578125,1.063445016961009,0.986009281124645,2.0,True,,,120.0,120.0,,,,
extension3_transformer_static_dunnhumby_v8_seed2024_sample,extension3_transformer_static,dunnhumby,v8,2024.0,sample,strict,A,valendin_aggregate_mape_v1,3.655130624771118,2.1002252101898193,0.8497748609628263,1.288623273099027,-1.288631470055593,52.15534177236259,11872.0,11719.014645017684,1.7572554505513003,-1.288623273099027,1.7472522195708649,-1.268786343176525,-1.288623273099027,1.7572554505513003,1.7572554505513003,0.9865742704096863,68.10624694824219,110.97322082519531,0.8240497469133614,0.9903786182403564,1.4494515657424927,0.5227927565574646,4.525107255799952,5702.2275699999445,347125.7604829216,362833.55500771536,6.570791590998031,4.525101940847332,4.525101940847332,6.628635853974033,4.709490284025151,4.525101940847315,6.570791590998031,1.006947404177185,67.92425537109375,110.67462158203125,0.7924936260685821,3.395334195136931,0.8240364641405333,346205.21875,361842.5,dunnhumby_configured_80x4,2498,80,4,sample,30,1.0413756046733325,0.8235297098438245,1.4388382089391278,0.9951704692065062,27.51521755817735,rolling_origin_autoregressive,0.75,rolling_origin_autoregressive,rolling_origin_autoregressive,2215.0,1900.4679565429688,63355.44140625,64603.458984375,1.0413756046733325,0.9951704692065062,2.0,True,,,120.0,120.0,,,,
extension3_transformer_static_dunnhumby_v8_seed42_sample,extension3_transformer_static,dunnhumby,v8,42.0,sample,strict,A,valendin_aggregate_mape_v1,3.372650384902954,2.0399973392486572,0.8468547732469069,6.36814896376914,-6.368154849646227,189.00666124466807,11872.0,11115.973355021328,6.36814896376914,-6.36814896376914,6.35383498494623,-6.35383498494623,-6.36814896376914,6.36814896376914,6.36814896376914,0.9645503440404928,68.24919891357422,110.49427795410156,0.8230159190692518,0.9965178966522217,1.436107873916626,0.5315386652946472,2.268468271224477,4384.150504222467,347125.7604829216,355000.20508111536,5.051944860702051,2.268470247566419,2.268470247566419,5.056204475150769,2.44491249717605,2.268470247566394,5.051944860702051,0.9942950082713501,68.06703186035156,110.19477844238281,0.7904539948390555,3.385826559949913,0.8230181902680098,346205.21875,354035.875,dunnhumby_configured_80x4,2498,80,4,sample,30,1.0491581757835218,0.8235297098438245,1.4813832189352538,0.9917549872440241,27.51521755817735,rolling_origin_autoregressive,0.75,rolling_origin_autoregressive,rolling_origin_autoregressive,2215.0,1851.0274658203125,63355.44140625,65516.16796875,1.0491581757835218,0.9917549872440241,2.0,True,,,120.0,120.0,,,,
extension3_transformer_static_dunnhumby_v8_seed7_sample,extension3_transformer_static,dunnhumby,v8,7.0,sample,strict,A,valendin_aggregate_mape_v1,3.2830023765563965,2.0471456050872803,0.8517436872049071,1.518622870341124,1.5186237839033019,45.07272679172456,11872.0,12052.290907166898,1.518622870341124,1.518622870341124,1.5342001258119897,1.5342001258119897,1.518622870341124,1.518622870341124,1.518622870341124,0.9894189025532902,65.68132781982422,105.2175521850586,0.8267141773012469,1.0388967990875244,1.5038100481033325,0.4863283038139343,-1.816794778261192,3259.729353459992,347125.7604829216,340819.16124152945,3.7562517387647105,1.8168053078568465,-1.8168053078568465,3.703467918049133,-1.6772831667177635,-1.8168053078568507,3.7562517387647105,0.9863444522862483,65.50606536865234,104.93531799316406,0.7900013747666303,3.37233648242431,0.8267186691788359,346205.21875,339914.9375,dunnhumby_configured_80x4,2498,80,4,sample,30,1.0419004247057488,0.8235297098438245,1.471282370246479,0.9861454803549705,27.51521755817735,rolling_origin_autoregressive,0.9,rolling_origin_autoregressive,rolling_origin_autoregressive,2215.0,1897.051025390625,63355.44140625,67072.46875,1.0419004247057488,0.9861454803549705,2.0,True,,,120.0,120.0,,,,
pareto_nbd_tafeng,pareto_nbd,tafeng,,,,strict,A,valendin_aggregate_mape_v1,1.2928977012634277,0.9239565134048462,0.6257877041331747,14.802477940999614,14.802479399707902,1011.8538166761398,30127.0,34586.542529284954,16.793139321474754,14.802477940999614,20.693858990647882,19.031415320250805,14.802477940999614,16.793139321474754,16.793139321474754,1.0777832916631536,946.5379028320312,3434.078125,0.5129454575429402,2.4843735694885254,3.9082982540130615,-0.22547614574432373,15.863384659038763,746007.4188965469,23513494.0,27243531.094482735,15.863389313739315,15.863389313739315,15.863389313739315,18.429250928214337,18.429250928214337,15.863389313739315,15.863389313739315,0.95220050916013,946.5379028320312,3434.078125,0.41400049885405826,3.1304902223247106,0.5129454575429402,23513494.0,27243530.0,tafeng_12x5,27809,12,5,benchmark_expected_total,0,,,,,,,,,,,,,,,,,,,,,,,,,
bgnbd_gg_tafeng,bgnbd_gg,tafeng,,,,strict,A,valendin_aggregate_mape_v1,1.2972151041030884,0.9309380054473877,0.6215821573454967,16.100275200205942,16.100279649483852,1060.7699384003877,30127.0,34977.529909566045,17.604971261665412,16.100275200205942,21.646969012884494,20.390365319368502,16.100275200205942,17.604971261665412,17.604971261665412,1.0813729553640226,945.0034790039062,3442.340087890625,0.5143593953887255,2.4819915294647217,3.9014506340026855,-0.2211858034133911,15.811822777167869,743582.0597951293,23513494.0,27231404.298975646,15.81181554292036,15.81181554292036,15.81181554292036,18.378521244437145,18.378521244437145,15.81181554292036,15.81181554292036,0.9502693560409154,945.0034790039062,3442.340087890625,0.4158913458220816,3.1523645343471944,0.5143593953887255,23513494.0,27231406.0,tafeng_12x5,27809,12,5,benchmark_expected_total,0,,,,,,,,,,,,,,,,,,,,,,,,,
lstm_base_tafeng_v6_seed2024_sample,lstm_base,tafeng,v6,2024.0,sample,strict,A,valendin_aggregate_mape_v1,1.79473876953125,0.9534657597541809,0.6219946471865652,7.6973427087563175,7.697342966856972,4156.612891735882,30127.0,32445.978437867016,68.98484568221001,7.6973427087563175,81.08240313676085,27.992143896557426,7.6973427087563175,68.98484568221001,68.98484568221001,0.9078911172287984,,,,,,,,,,,,,,,,,,,,,,,,,,tafeng_configured_12x5,27809,12,5,sample,30,1.8155879746661616,0.3518873876671712,,,,rolling_origin_autoregressive,0.75,,rolling_origin_autoregressive,2897.0,1595.6263427734375,0.0,0.0,1.8155879746661616,1.0,2.0,True,,,72.0,100.0,True,5.0,0.1,4.0
lstm_base_tafeng_v6_seed42_sample,lstm_base,tafeng,v6,42.0,sample,strict,A,valendin_aggregate_mape_v1,1.7369272708892822,0.9721617102622986,0.6191966427625427,12.340108724362,12.340103976499485,1851.448235743493,30127.0,33844.70455538854,30.727391305863392,12.340108724362,39.02772194278134,21.459422188108753,12.340108724362,30.727391305863392,30.727391305863392,0.8574172563791422,,,,,,,,,,,,,,,,,,,,,,,,,,tafeng_configured_12x5,27809,12,5,sample,30,1.8013832081730956,0.3518873876671712,,,,rolling_origin_autoregressive,0.75,,rolling_origin_autoregressive,2897.0,1608.2086181640625,0.0,0.0,1.8013832081730956,1.0,2.0,True,,,55.0,100.0,True,5.0,0.1,4.0
lstm_joint_tafeng_v8_seed2024_sample,lstm_joint,tafeng,v8,2024.0,sample,strict,A,valendin_aggregate_mape_v1,1.662475347518921,0.927544116973877,0.6251891874357591,2.2760699689066777,2.2760677714342616,3313.6993451498447,30127.0,30812.711599532515,54.99550810153425,2.2760699689066777,64.67598276553834,18.626705005450965,2.2760699689066777,54.99550810153425,54.99550810153425,0.8576547635659204,1069.0537109375,3850.754638671875,0.544590069010234,3.501225233078003,4.398115158081055,-0.5518962144851685,45.14545562645858,4319916.383929499,23513493.88786887,34128768.474715345,91.86036759424849,45.14545833753413,45.14545833753413,109.09933734771944,66.73409648460046,45.14545833753413,91.86036759424849,1.0993659552526829,1069.0537109375,3850.754638671875,0.3929341652968865,3.3206682330936714,0.544590069010234,23513494.0,34128768.0,tafeng_configured_12x5,27809,12,5,sample,30,1.8200274289931804,0.3518873876671712,1.8565026866802272,1.5421475866334653,289.2988732420841,rolling_origin_autoregressive,0.75,rolling_origin_autoregressive,rolling_origin_autoregressive,2897.0,1591.7342529296875,3010621.0,1952226.25,1.8200274289931804,1.5421475866334653,2.0,True,,large spend bias (45.1%),125.0,120.0,True,5.0,0.1,4.0
lstm_joint_tafeng_v8_seed42_sample,lstm_joint,tafeng,v8,42.0,sample,strict,B,valendin_aggregate_mape_v1,1.5772709846496582,0.9456766843795776,0.6147384838345538,14.51535816944753,14.515361532014474,1632.1405924528838,30127.0,34500.04195570946,27.08767206248355,14.51535816944753,32.258444517949556,19.806251824670845,14.51535816944753,27.08767206248355,27.08767206248355,0.8617866409792343,1224.3316650390625,4149.11279296875,0.5356771652593176,3.6708226203918457,4.640956878662109,-0.7280032634735107,76.2059351961899,3583735.428158518,23513493.88786887,41432171.02866146,76.20593190549717,76.20593190549717,76.20593190549717,80.07010421983708,80.07010421983708,76.20593190549717,76.20593190549717,1.1836252442420072,1224.3316650390625,4149.11279296875,0.3739137270681903,3.3096962055185024,0.5356771652593176,23513494.0,41432172.0,tafeng_configured_12x5,27809,12,5,sample,30,1.8668612908092796,0.3518873876671712,1.842108806271171,1.5871417950146152,289.2988732420841,rolling_origin_autoregressive,0.75,rolling_origin_autoregressive,rolling_origin_autoregressive,2897.0,1551.802490234375,3010621.0,1896882.1875,1.8668612908092796,1.5871417950146152,2.0,False,absolute spend bias 76.2% exceeds 50.0%,large spend bias (76.2%),125.0,120.0,True,5.0,0.1,4.0
transformer_joint_tafeng_v6b_seed2024_sample,transformer_joint,tafeng,v6b,2024.0,sample,strict,B,valendin_aggregate_mape_v1,1.3245849609375,0.8292327523231506,0.6184111038049388,27.8075516102604,-27.807554788893686,4445.100464712828,30127.0,21749.41892637685,73.77270330123856,-27.8075516102604,79.8256807759486,-12.830415899601286,-27.8075516102604,73.77270330123856,73.77270330123856,0.7904391253461235,796.5765991210938,2970.535400390625,0.5557568387578001,3.3208823204040527,4.154510021209717,-0.3847428560256958,-9.329953260030177,4008489.521683179,23513493.88786887,21319697.30990505,85.2380667203024,9.329947256777734,-9.329947256777734,95.10369755237858,6.992527767673891,-9.329947256777729,85.2380667203024,0.8864222290314758,796.5765991210938,2970.535400390625,0.4000959698013091,3.4950834537906985,0.5557568387578001,23513494.0,21319696.0,tafeng_configured_12x5,27809,12,5,sample,30,1.8084921515138168,0.3518873876671712,1.7592818245735882,1.6037647937469004,289.2988732420841,rolling_origin_autoregressive,0.75,rolling_origin_autoregressive,rolling_origin_autoregressive,2897.0,1601.886962890625,3010621.0,1877221.03125,1.8084921515138168,1.6037647937469004,2.0,False,absolute frequency bias -27.8% exceeds 15.0%,large frequency bias (-27.8%),35.0,100.0,True,5.0,0.1,4.0
transformer_joint_tafeng_v6b_seed7_sample,transformer_joint,tafeng,v6b,7.0,sample,strict,B,valendin_aggregate_mape_v1,1.7179396152496338,1.0155037641525269,0.6258790642954521,26.96767528682505,26.96767278935838,1624.9103067323565,30127.0,38251.55153366178,26.96767528682505,26.96767528682505,31.33462004067865,31.33462004067865,26.96767528682505,26.96767528682505,26.96767528682505,0.9010864817020234,1149.4986572265625,3258.698486328125,0.557433154522196,3.6431894302368164,4.596465587615967,-0.6950305700302124,67.55560020131419,3176937.464815542,23513493.88786887,39398181.21194658,67.55562316612152,67.5556231661215,67.5556231661215,70.6759179491889,70.6759179491889,67.55562316612152,67.55562316612152,1.1240799054447925,1149.4986572265625,3258.698486328125,0.40491832872796385,3.4684771353335724,0.557433154522196,23513494.0,39398176.0,tafeng_configured_12x5,27809,12,5,sample,30,1.822739629685199,0.3518873876671712,1.8732699589097417,1.5500274352324503,289.2988732420841,rolling_origin_autoregressive,0.75,rolling_origin_autoregressive,rolling_origin_autoregressive,2897.0,1589.3657836914062,3010621.0,1942301.75,1.822739629685199,1.5500274352324503,2.0,False,absolute frequency bias 27.0% exceeds 15.0%; absolute spend bias 67.6% exceeds 50.0%,large frequency bias (27.0%); large spend bias (67.6%),34.0,100.0,True,5.0,0.1,4.0
pareto_nbd_uci,pareto_nbd,uci,,,,strict,A,valendin_aggregate_mape_v1,3.4405646324157715,1.1898757219314575,0.6175047838885573,11.297189961938967,-11.297190267294663,65.77115459914654,8413.0,7462.567408502075,20.32628098868192,-11.297189961938967,17.99713178269138,-6.448035811998934,-11.29718996193897,20.32628098868192,20.32628098868192,0.9422778858583041,592.4722290039062,3633.831298828125,0.6483812290113717,2.0800349712371826,3.2349798679351807,0.07261210680007935,-26.713530186050647,51661.89351108664,4266929.678377748,3127081.9960761336,31.479525854265546,26.713533341730038,-26.713533341730038,28.027771812085415,-20.286170928064173,-26.71353334173005,31.479525854265546,0.8224464862160773,577.5640258789062,3540.861572265625,0.5917079754470163,5.404931567956774,0.6488475361545624,4160751.25,3059550.0,uci_78x26,4930,78,26,benchmark_expected_total,0,,,,,,,,,,,,,,,,,,,,,,,,,
bgnbd_gg_uci,bgnbd_gg,uci,,,,strict,A,valendin_aggregate_mape_v1,2.1242473125457764,1.159471869468689,0.7764643922032683,3.2985944399896785,3.2985943443183166,63.80232367742633,8413.0,8690.510750236332,19.717822603269756,3.2985944399896785,20.03063419085605,8.453604864624504,3.2985944399896625,19.717822603269756,19.717822603269756,0.9687182878772379,542.829345703125,2427.087646484375,0.8425853944286112,2.0834598541259766,3.2579054832458496,0.05942106246948242,-11.29170870997517,39038.02115828847,4266929.678377748,3785119.9883134994,23.787327812287522,11.291718551298656,-11.291718551298656,23.177747865341107,-4.158193798964039,-11.29171855129866,23.787327812287522,0.846989987541098,529.1992797851562,2363.12060546875,0.5996248161414711,6.334789688805378,0.8429037721480175,4160751.25,3701766.5,uci_78x26,4930,78,26,benchmark_expected_total,0,,,,,,,,,,,,,,,,,,,,,,,,,
lstm_base_uci_v6_seed2024_sample,lstm_base,uci,v6,2024.0,sample,strict,A,valendin_aggregate_mape_v1,3.999809741973877,1.4465532302856445,0.6625785672945563,10.641982454820294,10.641989146261738,60.69969325168775,8413.0,9308.309983924031,18.758968555139443,10.641982454820294,20.45046736521664,14.007400855434554,10.641982454820294,18.758968555139443,18.758968555139443,0.9848261963488574,,,,,,,,,,,,,,,,,,,,,,,,,,uci_configured_78x26,4930,78,26,sample,30,2.7764224156357247,0.11463343958272965,,,,rolling_origin_autoregressive,0.75,,rolling_origin_autoregressive,662.0,238.43634033203125,0.0,0.0,2.7764224156357247,1.0,2.0,True,,,105.0,100.0,True,5.0,0.1,4.0
lstm_base_uci_v6_seed42_sample,lstm_base,uci,v6,42.0,sample,strict,A,valendin_aggregate_mape_v1,2.863368272781372,1.3329113721847534,0.6752929846054778,3.898757707487456,3.8987629821407346,54.99028789767852,8413.0,8741.00248593092,16.994502381310372,3.898757707487456,17.945877867816094,6.544209506654129,3.898757707487456,16.994502381310372,16.994502381310372,0.9512890944177842,,,,,,,,,,,,,,,,,,,,,,,,,,uci_configured_78x26,4930,78,26,sample,30,2.8062334392938237,0.11463343958272965,,,,rolling_origin_autoregressive,0.75,,rolling_origin_autoregressive,662.0,235.9033966064453,0.0,0.0,2.8062334392938237,1.0,2.0,True,,,105.0,100.0,True,5.0,0.1,4.0
lstm_base_uci_v6_seed7_sample,lstm_base,uci,v6,7.0,sample,strict,B,valendin_aggregate_mape_v1,4.129940032958984,1.475157618522644,0.6747594735967918,16.09910187179405,16.09910815107572,63.459082156419754,8413.0,9767.417440474033,19.611745347282938,16.09910187179405,21.724066030627842,19.175491623630933,16.09910187179405,19.611745347282938,19.611745347282938,0.9836117537228447,,,,,,,,,,,,,,,,,,,,,,,,,,uci_configured_78x26,4930,78,26,sample,30,2.7871887243083853,0.11463343958272965,,,,rolling_origin_autoregressive,0.75,,rolling_origin_autoregressive,662.0,237.51531219482422,0.0,0.0,2.7871887243083853,1.0,2.0,False,absolute frequency bias 16.1% exceeds 15.0%,large frequency bias (16.1%),97.0,100.0,True,5.0,0.1,4.0
lstm_joint_uci_v8_seed2024_sample,lstm_joint,uci,v8,2024.0,sample,strict,A,valendin_aggregate_mape_v1,3.2082841396331787,1.233610987663269,0.7471389808629058,8.459661743005533,-8.459668537531202,64.5832882930453,8413.0,7701.288657560945,19.959176222740734,-8.459661743005533,19.089855298975884,-4.501024620856499,-8.459661743005533,19.959176222740734,19.959176222740734,0.8669263946920044,580.3574829101562,3218.278076171875,0.848427665639609,2.602257490158081,3.2811319828033447,0.045961976051330566,-20.922972830931467,42147.95698781024,4266929.679746482,3374160.88767602,25.68232813595784,20.922978794520585,-20.922978794520585,24.32441127883977,-16.17054780189804,-20.92297879452058,25.68232813595784,1.2864629575136468,565.485595703125,3136.21630859375,0.589885360703982,6.17217497399965,0.8488051398892811,4160751.5,3297337.5,uci_configured_78x26,4930,78,26,sample,30,2.1900609766624464,0.11463343958272965,1.242461443907336,1.9300559823490775,36.73676557100432,rolling_origin_autoregressive,0.75,rolling_origin_autoregressive,rolling_origin_autoregressive,662.0,302.2746887207031,287846.2421875,149138.8046875,2.1900609766624464,1.9300559823490775,2.0,True,,large spend bias (-20.9%),125.0,120.0,True,5.0,0.1,4.0
lstm_joint_uci_v8_seed42_sample,lstm_joint,uci,v8,42.0,sample,strict,A,valendin_aggregate_mape_v1,2.5314040184020996,1.1564929485321045,0.759209593708856,12.766018224523423,-12.766015485706644,66.67214205459906,8413.0,7338.9948867708445,20.60472712967521,-12.766018224523423,19.15316770012027,-9.441122089346496,-12.766018224523423,20.60472712967521,20.60472712967521,0.8564797661495325,562.7246704101562,3121.51513671875,0.8565495323897035,2.4386491775512695,3.142960548400879,0.12462097406387329,-24.348375102049378,45527.031820737255,4266929.679746482,3228001.4645253816,27.741324938110957,24.348379120295878,-24.348379120295878,25.450703841606753,-19.86661096621105,-24.348379120295878,27.741324938110957,1.2660210444638946,548.2959594726562,3042.207763671875,0.6056611492928181,6.259194050535185,0.8569380474556644,4160751.5,3153537.5,uci_configured_78x26,4930,78,26,sample,30,2.1749624036102158,0.11463343958272965,1.2684431593085481,1.8478525470167926,36.73676557100432,rolling_origin_autoregressive,0.75,rolling_origin_autoregressive,rolling_origin_autoregressive,662.0,304.3730773925781,287846.2421875,155773.3828125,2.1749624036102158,1.8478525470167926,2.0,True,,large spend bias (-24.3%),125.0,120.0,True,5.0,0.1,4.0
lstm_joint_uci_v8_seed7_sample,lstm_joint,uci,v8,7.0,sample,strict,A,valendin_aggregate_mape_v1,2.673415422439575,1.169182300567627,0.7568569943106467,8.087971502764251,-8.087964218322833,56.22996936509242,8413.0,7732.558957472444,17.377620390971153,-8.087971502764251,16.458991420044928,-4.668252002205138,-8.087971502764251,17.377620390971153,17.377620390971153,0.8738558089876781,563.6624755859375,3282.3232421875,0.8530745627482664,2.5180392265319824,3.2407262325286865,0.06931436061859131,-21.14589659847907,42450.871518044165,4266929.679746482,3364649.014801814,25.866905299801562,21.14589957335027,-21.14589957335027,23.81119864147571,-16.381701307094065,-21.145899573350256,25.866905299801562,1.2926150648204624,549.2460327148438,3199.846923828125,0.6008025247344345,6.263852958266028,0.8534256461766776,4160751.5,3286688.5,uci_configured_78x26,4930,78,26,sample,30,2.2186009223913157,0.11463343958272965,1.2057278750962697,1.9708923586697757,36.73676557100432,rolling_origin_autoregressive,0.75,rolling_origin_autoregressive,rolling_origin_autoregressive,662.0,298.38624572753906,287846.2421875,146048.6875,2.2186009223913157,1.9708923586697757,2.0,True,,large spend bias (-21.1%),125.0,120.0,True,5.0,0.1,4.0
transformer_joint_uci_v7_twostage_seed2024_sample,transformer_joint,uci,v7_twostage,2024.0,sample,strict,A,valendin_aggregate_mape_v1,3.792276382446289,1.2883259057998657,0.7457157168797778,13.965287721445426,-13.965284845625817,85.35037428283921,8413.0,7238.100343994796,26.377151210671812,-13.965287721445426,24.2228696104949,-8.770097661166348,-13.965287721445426,26.377151210671812,26.377151210671812,0.8265582017682099,713.2107543945312,4340.9091796875,0.7964822551089213,2.1672255992889404,3.1036648750305176,0.14637339115142822,-27.75665147502437,55122.35028159392,4266929.679746482,3082572.623655857,33.58811170768096,27.756657479318775,-27.756657479318775,30.79681156547232,-21.18400203181236,-27.756657479318775,33.58811170768096,1.2675197506136817,695.8998413085938,4235.923828125,0.5741322459933456,5.839641074083067,0.7969048601019398,4160751.5,3015833.5,uci_configured_78x26,4930,78,26,sample,30,2.1831139794711514,0.11463343958272965,1.4820041264604764,2.043170220325419,36.73676557100432,rolling_origin_autoregressive,0.75,rolling_origin_autoregressive,rolling_origin_autoregressive,662.0,303.236572265625,287846.2421875,140882.1640625,2.1831139794711514,2.043170220325419,2.0,True,,large spend bias (-27.8%),85.0,120.0,True,5.0,0.1,4.0
transformer_joint_uci_v7_twostage_seed42_sample,transformer_joint,uci,v7_twostage,42.0,sample,strict,A,valendin_aggregate_mape_v1,4.240931987762451,1.3848096132278442,0.7454965717117338,5.074368607667741,-5.074364079400928,70.20456782269936,8413.0,7986.093369036913,21.696407504935024,-5.074368607667741,20.942968121116497,-1.0261382606400808,-5.074368607667741,21.696407504935024,21.696407504935024,0.8526223655585818,743.1911010742188,4345.099609375,0.7890654925030176,2.1563267707824707,3.1098663806915283,0.1429586410522461,-20.354941416304158,47646.8406698064,4266929.679746482,3398398.2268310282,29.033003831658423,20.354951173394,-20.354951173394,27.332021032940933,-14.133854426295295,-20.35495117339399,29.033003831658423,1.3056702578270951,725.214111328125,4240.2509765625,0.5723511722530954,5.895696083266968,0.7894910924650197,4160751.5,3323174.0,uci_configured_78x26,4930,78,26,sample,30,2.2608313836398968,0.11463343958272965,1.375979055301599,2.2441720114569703,36.73676557100432,rolling_origin_autoregressive,0.75,rolling_origin_autoregressive,rolling_origin_autoregressive,662.0,292.81263732910156,287846.2421875,128263.89453125,2.2608313836398968,2.2441720114569703,2.0,True,,large spend bias (-20.4%),85.0,120.0,True,5.0,0.1,4.0
transformer_joint_uci_v7_twostage_seed7_sample,transformer_joint,uci,v7_twostage,7.0,sample,strict,B,valendin_aggregate_mape_v1,3.1025521755218506,1.2456003427505493,0.7365618187449922,30.480143823890614,-30.48013723181386,107.79574260115623,8413.0,5848.705500096083,33.31379184155547,-30.480143823890614,30.08066478298582,-26.294133786857536,-30.480143823890614,33.31379184155547,33.31379184155547,0.7587055836834562,693.3438110351562,4477.8896484375,0.7796647134930802,2.1462764739990234,3.0615532398223877,0.16938090324401855,-43.2580383622462,73700.811284506,4266929.679746482,2421139.5739826686,44.9086635407361,43.258039018666935,-43.258039018666935,40.14061212084808,-37.28804985523328,-43.25803901866691,44.9086635407361,1.1770326323181537,676.28955078125,4369.11181640625,0.5691371006446991,5.927161577899421,0.7800178691822547,4160751.5,2370535.5,uci_configured_78x26,4930,78,26,sample,30,2.1459919235007923,0.11463343958272965,1.4171534678921642,2.092142806646261,36.73676557100432,rolling_origin_autoregressive,0.75,rolling_origin_autoregressive,rolling_origin_autoregressive,662.0,308.4820556640625,287846.2421875,137584.4140625,2.1459919235007923,2.092142806646261,2.0,False,absolute frequency bias -30.5% exceeds 15.0%,large frequency bias (-30.5%); large spend bias (-43.3%),85.0,120.0,True,5.0,0.1,4.0
lstm_base_cdnow_replication_seed2024_sample,lstm_base_cdnow_replication,unknown,,2024.0,sample,strict,A,valendin_aggregate_mape_v1,2.0904319286346436,0.906629741191864,0.6387420541134596,8.162229488378356,-8.162225538588727,110.53503698855639,20563.0,18884.60075030476,20.964190257033017,-8.162229488378356,20.749904622274766,-5.697331210366889,-8.162229488378356,20.964190257033017,20.964190257033017,0.4105969320145177,,,,,,,,,,,,,,,,,,,,,,,,,,valendin_cdnow_master_39x39,23500,39,39,sample,30,,0.09752295632698768,,,,config,,,none,,,,,,,,True,,,27.0,150.0,,,,
lstm_base_cdnow_replication_seed42_sample,lstm_base_cdnow_replication,unknown,,42.0,sample,strict,A,valendin_aggregate_mape_v1,2.082833766937256,0.8334893584251404,0.5915503711935671,45.41263213152089,-45.41263529306278,239.44101397960614,20563.0,11224.80045479536,45.41263213152089,-45.41263213152089,44.30318061863161,-44.30318061863161,-45.41263213152089,45.41263213152089,45.41263213152089,0.33091746926399335,,,,,,,,,,,,,,,,,,,,,,,,,,valendin_cdnow_master_39x39,23500,39,39,sample,30,,0.09752295632698768,,,,config,,,none,,,,,,,,True,,,40.0,150.0,,,,
lstm_base_cdnow_replication_seed7_sample,lstm_base_cdnow_replication,unknown,,7.0,sample,strict,A,valendin_aggregate_mape_v1,2.0993359088897705,1.044479489326477,0.65864781973513,26.506189199205544,26.506175381753632,149.54019115970303,20563.0,26013.467685032636,28.361948427896795,26.506189199205544,32.08968941000017,30.516719574136648,26.506189199205544,28.361948427896795,28.361948427896795,0.4845010397151895,,,,,,,,,,,,,,,,,,,,,,,,,,valendin_cdnow_master_39x39,23500,39,39,sample,30,,0.09752295632698768,,,,config,,,none,,,,,,,,True,,,29.0,150.0,,,,
