run_name,model,dataset,version,seed,mode,protocol_variant,quality_tier,metric_definition_version,freq_rmse,freq_mae,freq_normalized_gini,freq_calibration_factor,freq_horizon_abs_bias_pct,bias_pct,freq_weekly_mae,freq_weekly_total_true,freq_weekly_total_pred,freq_valendin_mape,freq_horizon_bias_pct,freq_weekly_mean_pct_mape,freq_weekly_mean_pct_bias_pct,freq_weekly_bias_pct,freq_weekly_mape,freq_mape,freq_mase,freq_mase_scale,calibration_temperature_source,validation_temperature,calibration_source,validation_freq_true_total,validation_freq_pred_total,validation_spend_true_total,validation_spend_pred_total,validation_freq_calibration_factor,validation_spend_calibration_factor,validation_rolling_origin_count,protocol_name,cohort_size,calibration_weeks,holdout_weeks,inference_mode,n_scenarios,run_valid,run_invalid_reason,run_warning,epochs_completed,max_epochs_configured,final_finetune_enabled,final_finetune_epochs,final_finetune_lr_multiplier,final_finetune_batch_size_multiplier,smearing_factor,spend_calibration_factor,spend_mae_raw,spend_rmse_raw,spend_normalized_gini,spend_mae_log,spend_rmse_log,spend_r2_log,spend_bias_pct,spend_weekly_mae,spend_weekly_total_true,spend_weekly_total_pred,spend_valendin_mape,spend_horizon_abs_bias_pct,spend_horizon_bias_pct,spend_weekly_mean_pct_mape,spend_weekly_mean_pct_bias_pct,spend_weekly_bias_pct,spend_weekly_mape,spend_mase,spend_mase_scale,clv_mae,clv_rmse,clv_spearman,clv_decile_lift,clv_normalized_gini,clv_total_true,clv_total_pred,smearing_source,spend_mae,spend_rmse,spend_r2
pareto_nbd_cdnow,pareto_nbd,cdnow,,,,strict,A,,1.1631473302841187,0.5381752252578735,,,,8.347710957096572,,,,,,,,,,8.347710957096572,,,,,,,,,,,,,,,,,,,,,,,,,,,,,,,,,,,,,,,,,,,,,,,,,,,,,,,,,,,
bgnbd_gg_cdnow,bgnbd_gg,cdnow,,,,strict,A,,1.2420098781585693,0.5800448060035706,,,,7.74925769651508,,,,,,,,,,7.74925769651508,,,,,,,,,,,,,,,,,,,,,,,,,,,,,,,,,,,,,,,,,,,,,,,,,,,,,,,,,1.0097427895448428,1.7008578462170685,0.026838214954650774
pareto_ggg_cdnow,pareto_ggg,cdnow,,,,strict,A,,1.2724459171295166,0.550102174282074,,,,13.654687173390467,,,,,,,,,,13.654687173390467,,,,,,,,,,,,,,,,,,,,,,,,,,,,,,,,,,,,,,,,,,,,,,,,,,,,,,,,,,,
lstm_base_cdnow_v6_seed2024_sample,lstm_base,cdnow,v6,2024.0,sample,strict,A,valendin_aggregate_mape_v1,1.4611396789550781,0.7958751320838928,-0.06563123793317847,2.817521915829779,1.4938626251491816,-1.4938609655884199,11.156919279923805,1196.0,1178.1334030032158,24.254172347660447,-1.4938626251491816,25.3186215532677,5.2409227398120555,-1.4938626251491816,24.254172347660447,24.254172347660447,0.4579064470001291,0.08338133039507842,rolling_origin_autoregressive,0.75,rolling_origin_autoregressive,120.0,42.59061813354492,0.0,0.0,2.817521915829779,1.0,2.0,cdnow_sample_52x26,2349.0,52.0,26.0,sample,30.0,True,,,97.0,100.0,,,,,,,,,,,,,,,,,,,,,,,,,,,,,,,,,,,,
lstm_base_cdnow_v6_seed42_sample,lstm_base,cdnow,v6,42.0,sample,strict,A,valendin_aggregate_mape_v1,1.4508179426193237,0.803674578666687,0.046177067312412,2.8274021064439063,4.668259820013142,4.6682606572690215,11.464567537491138,1196.0,1251.8323874473572,24.92297290758943,4.668259820013142,27.537516212470653,12.368541649705305,4.668259820013142,24.92297290758943,24.92297290758943,0.47227820848605656,0.08338133039507842,rolling_origin_autoregressive,0.75,rolling_origin_autoregressive,120.0,42.44178771972656,0.0,0.0,2.8274021064439063,1.0,2.0,cdnow_sample_52x26,2349.0,52.0,26.0,sample,30.0,True,,,100.0,100.0,,,,,,,,,,,,,,,,,,,,,,,,,,,,,,,,,,,,
lstm_base_cdnow_v6_seed7_sample,lstm_base,cdnow,v6,7.0,sample,strict,B,valendin_aggregate_mape_v1,1.468934178352356,0.872791588306427,-0.002598252560620488,3.2674633935333635,24.58408586680889,24.584083174383363,17.275385519059803,1196.0,1490.0256669670343,37.555185910999576,24.58408586680889,43.38616375950952,32.63430928274026,24.58408586680889,37.555185910999576,37.555185910999576,0.5174022407622327,0.08338133039507842,rolling_origin_autoregressive,0.75,rolling_origin_autoregressive,120.0,36.72573661804199,0.0,0.0,3.2674633935333635,1.0,2.0,cdnow_sample_52x26,2349.0,52.0,26.0,sample,30.0,False,absolute frequency bias 24.6% exceeds 15.0%,large frequency bias (24.6%),97.0,100.0,,,,,,,,,,,,,,,,,,,,,,,,,,,,,,,,,,,,
lstm_joint_cdnow_v6b_seed2024_sample,lstm_joint,cdnow,v6b,2024.0,sample,strict,B,valendin_aggregate_mape_v1,1.3995193243026733,0.678418755531311,0.34167021172158774,5.218577519373737,21.65068776586582,-21.650690697507315,12.48685318403519,1196.0,937.0577743202448,27.145333008772155,-21.65068776586582,24.599193721762205,-16.424459808151205,-21.65068776586582,27.145333008772155,27.145333008772155,0.40793246721416426,0.08338133039507842,rolling_origin_autoregressive,0.75,rolling_origin_autoregressive,120.0,22.99477195739746,4587.64013671875,940.88134765625,5.218577519373737,4.875896570961506,2.0,cdnow_sample_52x26,2349.0,52.0,26.0,sample,30.0,False,absolute frequency bias -21.7% exceeds 15.0%,large frequency bias (-21.7%); large spend bias (-23.5%),100.0,100.0,,,,,1.2393097997007516,4.875896570961506,23.80423355102539,54.037967681884766,0.4552048484314948,1.9727976322174072,2.2785279750823975,-0.7910219430923462,-23.45764367691092,501.6390800823143,43103.43998063614,32992.38479305921,30.258875133862766,23.457652549585923,-23.457652549585923,27.604180840563718,-16.06212065112988,-23.457652549585934,30.258875133862766,0.6841890564585726,1.7675491305339937,23.306798934936523,52.934791564941406,0.1897224502684311,3.793862835495697,0.4565201652147033,42218.734375,32319.96875,rolling_origin_autoregressive,,,
lstm_joint_cdnow_v6b_seed42_sample,lstm_joint,cdnow,v6b,42.0,sample,strict,B,valendin_aggregate_mape_v1,1.3952680826187134,0.666098952293396,0.36475097352662067,6.223862673019077,23.788900915097233,-23.788901236543687,14.408143053834255,1196.0,911.4847450554371,31.32205011703099,-23.788900915097233,28.954437793213362,-18.927969034611333,-23.788900915097233,31.32205011703099,31.32205011703099,0.40023372268852925,0.08338133039507842,rolling_origin_autoregressive,0.75,rolling_origin_autoregressive,120.0,19.280631065368652,4587.64013671875,775.4385375976562,6.223862673019077,5.916187955955177,2.0,cdnow_sample_52x26,2349.0,52.0,26.0,sample,30.0,False,absolute frequency bias -23.8% exceeds 15.0%,large frequency bias (-23.8%); large spend bias (-26.4%),97.0,100.0,,,,,1.2490799895317806,5.916187955955177,22.974260330200195,54.330074310302734,0.4830930749912961,1.802446722984314,2.1837451457977295,-0.6451143026351929,-26.39838941209735,586.6072676375006,43103.43998063614,31724.82550097768,35.384157193548255,26.39839067315789,-26.39839067315789,33.594601360715046,-19.054374113522808,-26.398390673157913,35.384157193548255,0.6674989295564021,1.7675491305339937,22.496164321899414,53.212669372558594,0.23259302264426573,4.171352104553726,0.4840898173555049,42218.734375,31127.14453125,rolling_origin_autoregressive,,,
lstm_joint_cdnow_v6b_seed7_sample,lstm_joint,cdnow,v6b,7.0,sample,strict,B,valendin_aggregate_mape_v1,1.3922340869903564,0.6508868336677551,0.3646716188356948,5.795512014015077,27.949522331008147,-27.94951882250732,14.61780289044747,1196.0,861.7237129211426,31.77783237053798,-27.949522331008147,29.410012602648216,-23.643797340615297,-27.949522331008147,31.77783237053798,31.77783237053798,0.3940357166336793,0.08338133039507842,rolling_origin_autoregressive,0.75,rolling_origin_autoregressive,120.0,20.705677032470703,4587.64013671875,849.2227478027344,5.795512014015077,5.402163506086875,2.0,cdnow_sample_52x26,2349.0,52.0,26.0,sample,30.0,False,absolute frequency bias -27.9% exceeds 15.0%,large frequency bias (-27.9%); large spend bias (-33.8%),97.0,100.0,,,,,1.2095634866670895,5.402163506086875,22.676252365112305,54.23776626586914,0.4357779284136693,1.8241983652114868,2.1901743412017822,-0.654815673828125,-33.79984376246094,619.8275201812871,43103.43998063614,28534.54151197624,37.3880032126281,33.79985095204665,-33.79985095204665,34.692663207053236,-27.660665928260496,-33.799850952046654,37.3880032126281,0.6465770459342814,1.7675491305339937,22.194955825805664,53.11382293701172,0.1893226077196161,4.037476005917303,0.4372512359331272,42218.734375,27976.80859375,rolling_origin_autoregressive,,,
lstm_joint_cdnow_v7_seed42_sample,lstm_joint,cdnow,v7,42.0,sample,strict,B,valendin_aggregate_mape_v1,1.2874720096588135,0.5452517867088318,0.4998551981413004,4.111769143281762,40.84952498558771,-40.84952363999791,24.361079293947952,1196.0,707.4396811723709,52.95886803032164,-40.84952498558771,51.78211905058693,-38.08731159429549,-40.84952498558771,52.95886803032164,52.95886803032164,0.35177272686641087,0.08338133039507842,rolling_origin_autoregressive,0.75,rolling_origin_autoregressive,120.0,29.184517860412598,4587.64013671875,1335.5763549804688,4.111769143281762,3.4349515994432522,2.0,cdnow_sample_52x26,2349.0,52.0,26.0,sample,30.0,False,absolute frequency bias -40.8% exceeds 15.0%,large frequency bias (-40.8%); large spend bias (-44.5%),120.0,120.0,,,,,1.2865960869860764,3.4349515994432522,19.234853744506836,51.746097564697266,0.5401999181474317,1.383654236793518,1.8507293462753296,-0.18162059783935547,-44.47935924483981,904.2796709980793,43103.43998063614,23931.304415389648,54.54616025197131,44.479363071391546,-44.479363071391546,53.696260471100764,-40.582794166310215,-44.47936307139156,54.54616025197131,0.5845597668957634,1.7675491305339937,18.832571029663086,50.64693832397461,0.2834237813210296,4.791238799845828,0.541245786869814,42218.734375,23571.15625,rolling_origin_autoregressive,,,
lstm_joint_cdnow_v7_seed7_sample,lstm_joint,cdnow,v7,7.0,sample,strict,B,valendin_aggregate_mape_v1,1.3243207931518555,0.5464590787887573,0.5197985863411761,4.382177899487606,48.885932275682784,-48.88592978384981,24.796323166443752,1196.0,611.3242499828339,53.90505036183424,-48.885932275682784,53.35085516065804,-46.43015879028512,-48.885932275682784,53.90505036183424,53.90505036183424,0.34052218131009165,0.08338133039507842,rolling_origin_autoregressive,0.75,rolling_origin_autoregressive,120.0,27.383644104003906,4587.64013671875,1225.8488159179688,4.382177899487606,3.742419193253718,2.0,cdnow_sample_52x26,2349.0,52.0,26.0,sample,30.0,False,absolute frequency bias -48.9% exceeds 15.0%; absolute spend bias -51.9% exceeds 50.0%,large frequency bias (-48.9%); large spend bias (-51.9%),120.0,120.0,,,,,1.267547331819414,3.742419193253718,19.397090911865234,52.76398849487305,0.5726705715954115,1.3891481161117554,1.8314458131790161,-0.15712523460388184,-51.88676765919191,938.6795605581434,43103.43998063614,20738.45761114524,56.62116198956689,51.88676908278824,-51.88676908278824,56.46111536984664,-47.81567417740285,-51.886769082788256,56.62116198956689,0.5682398243228396,1.7675491305339937,18.992687225341797,51.65278244018555,0.2844067395328369,4.704716824408531,0.5732282339732647,42218.734375,20407.796875,rolling_origin_autoregressive,,,
transformer_joint_cdnow_v6b_seed42_sample,transformer_joint,cdnow,v6b,42.0,sample,strict,A,valendin_aggregate_mape_v1,1.5322883129119873,0.6040496826171875,0.531708334696816,3.7215524616572124,6.65298468592175,-6.652985129468019,20.701878091463676,1196.0,1116.4303031563759,45.004082807529734,-6.65298468592175,48.0725427574522,-5.544662608816526,-6.65298468592175,45.004082807529734,45.004082807529734,0.41313245930208803,0.08338133039507842,rolling_origin_autoregressive,0.9,rolling_origin_autoregressive,120.0,32.24460792541504,4587.64013671875,1584.2616577148438,3.7215524616572124,2.895759115533991,2.0,cdnow_sample_52x26,2349.0,52.0,26.0,sample,30.0,True,,,100.0,100.0,,,,,1.2422531797506298,2.895759115533991,20.732311248779297,60.692771911621094,0.5453527077183177,0.8017113208770752,1.6964021921157837,0.0072272419929504395,-16.324067831016958,686.2805245532456,43103.43998063614,36067.20280246446,41.396449207767034,16.32407339491384,-16.32407339491384,44.94041197084561,-12.861198621293285,-16.32407339491384,41.396449207767034,0.6736897987374544,1.7675491305339937,20.342172622680664,59.520084381103516,0.4366367180348707,4.883372853671703,0.5457777183069991,42218.734375,35506.88671875,rolling_origin_autoregressive,,,
transformer_joint_cdnow_v7_seed42_sample,transformer_joint,cdnow,v7,42.0,sample,strict,B,valendin_aggregate_mape_v1,1.3129591941833496,0.509784996509552,0.556243659805622,3.775688166965141,28.66240053322403,-28.662395158340303,20.06864915558925,1196.0,853.1976896226406,43.62749816432446,-28.66240053322403,46.02844432387733,-27.01806800008465,-28.66240053322403,43.62749816432446,43.62749816432446,0.36654277603510693,0.08338133039507842,rolling_origin_autoregressive,0.75,rolling_origin_autoregressive,120.0,31.782285690307617,4587.64013671875,1563.6824340820312,3.775688166965141,2.933869458866148,2.0,cdnow_sample_52x26,2349.0,52.0,26.0,sample,30.0,False,absolute frequency bias -28.7% exceeds 15.0%,large frequency bias (-28.7%); large spend bias (-33.7%),120.0,120.0,,,,,1.2495289056431347,2.933869458866148,18.437992095947266,54.285282135009766,0.5684810539230986,0.7865258455276489,1.6350475549697876,0.07774084806442261,-33.65826028956507,748.1603965698388,43103.43998063614,28595.569563131055,45.129043806142924,33.65826584611953,-33.65826584611953,47.513691452717836,-30.739293140223833,-33.65826584611955,45.129043806142924,0.6099204593282832,1.7675491305339937,18.073949813842773,53.20236587524414,0.45067462357214766,4.850505693381449,0.5689828440814717,42218.734375,28159.0390625,rolling_origin_autoregressive,,,
transformer_joint_cdnow_v7_seed7_sample,transformer_joint,cdnow,v7,7.0,sample,strict,B,valendin_aggregate_mape_v1,1.2499098777770996,0.46536436676979065,0.5909462024280899,3.2396906929830016,40.921689385554465,-40.921694139971784,22.952358266481987,1196.0,706.5765949487686,49.89643101409128,-40.921689385554465,50.279848450509746,-39.10150308240375,-40.921689385554465,49.89643101409128,49.89643101409128,0.3430189391043014,0.08338133039507842,rolling_origin_autoregressive,0.75,rolling_origin_autoregressive,120.0,37.04057312011719,4587.64013671875,1665.1314697265625,3.2396906929830016,2.7551218748343658,2.0,cdnow_sample_52x26,2349.0,52.0,26.0,sample,30.0,False,absolute frequency bias -40.9% exceeds 15.0%,large frequency bias (-40.9%); large spend bias (-42.5%),120.0,120.0,,,,,1.260465731790521,2.7551218748343658,16.813095092773438,49.99639892578125,0.602528273816358,0.7758664488792419,1.5800670385360718,0.1387222409248352,-42.49304906076227,840.4425423599521,43103.43998063614,24787.474592070732,50.69550391146359,42.49304787922658,-42.49304787922658,51.48007291301142,-38.5030909038792,-42.493047879226594,50.69550391146359,0.5807760832397615,1.7675491305339937,16.477773666381836,48.9783821105957,0.4661825894172004,5.116930255532599,0.602948378945872,42218.734375,24400.330078125,rolling_origin_autoregressive,,,
transformer_joint_cdnow_v7_twostage_seed42_sample,transformer_joint,cdnow,v7_twostage,42.0,sample,strict,B,valendin_aggregate_mape_v1,1.3798469305038452,0.5567240118980408,0.5001071697372297,5.914480887275166,24.447663220573826,-24.447662455581103,25.30051054748205,1196.0,903.605947881937,55.001109885830544,-24.447663220573826,59.28912893019257,-24.204723753195577,-24.447663220573826,55.001109885830544,55.001109885830544,0.38162094534638696,0.08338133039507842,rolling_origin_autoregressive,0.75,rolling_origin_autoregressive,120.0,20.289185523986816,4587.64013671875,841.0883178710938,5.914480887275166,5.454409530179514,2.0,cdnow_sample_52x26,2349.0,52.0,26.0,sample,30.0,False,absolute frequency bias -24.4% exceeds 15.0%,large frequency bias (-24.4%); large spend bias (-20.8%),55.0,120.0,,,,,1.4065730489616743,5.454409530179514,20.820219039916992,55.581729888916016,0.4927526557442446,0.8410379886627197,1.7730129957199097,-0.08446621894836426,-20.838489897122475,939.1338049417811,43103.43998063614,34121.32909328933,56.648562016061035,20.838501268998368,-20.838501268998368,63.70294619394278,-18.682127876059056,-20.838501268998357,56.648562016061035,0.6626987325226174,1.7675491305339937,20.448265075683594,54.52174377441406,0.41277157708535467,4.095831748820845,0.49317371674714605,42218.734375,33701.2421875,rolling_origin_autoregressive,,,
transformer_joint_cdnow_v7_twostage_seed7_sample,transformer_joint,cdnow,v7_twostage,7.0,sample,strict,B,valendin_aggregate_mape_v1,1.1759357452392578,0.46362313628196716,0.6266304525671651,2.7056900007164764,27.129184960521584,-27.12918284744722,18.597626764040726,1196.0,871.5349478721619,40.42962340008854,-27.129184960521584,40.62385828650117,-23.96479989317458,-27.129184960521584,40.42962340008854,40.42962340008854,0.3640384911525563,0.08338133039507842,rolling_origin_autoregressive,0.75,rolling_origin_autoregressive,120.0,44.35097885131836,4587.64013671875,1815.9283447265625,2.7056900007164764,2.526333238886441,2.0,cdnow_sample_52x26,2349.0,52.0,26.0,sample,30.0,False,absolute frequency bias -27.1% exceeds 15.0%,large frequency bias (-27.1%); large spend bias (-25.6%),80.0,120.0,,,,,1.5412833537841173,2.526333238886441,17.216421127319336,47.464515686035156,0.634835321096745,0.8022477626800537,1.6016778945922852,0.11500149965286255,-25.606657495414375,635.5298609779542,43103.43998063614,32066.08917116658,38.335168591764315,25.606658805951447,-25.606658805951447,38.179343295700185,-20.44643957460498,-25.606658805951465,38.335168591764315,0.6280693146647114,1.7675491305339937,16.86577606201172,46.48261642456055,0.48031230206713954,5.1536916661370675,0.6353162846104248,42218.734375,31509.580078125,rolling_origin_autoregressive,,,
pareto_nbd_dunnhumby,pareto_nbd,dunnhumby,,,,strict,A,,33.91511154174805,19.464054107666016,,,,-74.21148205273407,,,,,,,,,,74.21148205273407,,,,,,,,,,,,,,,,,,,,,,,,,,,,,,,,,,,,,,,,,,,,,,,,,,,,,,,,,,,
bgnbd_gg_dunnhumby,bgnbd_gg,dunnhumby,,,,strict,A,,186.19483947753906,120.94330596923828,,,,-20.24189759220936,,,,,,,,,,20.24189759220936,,,,,,,,,,,,,,,,,,,,,,,,,,,,,,,,,,,,,,,,,,,,,,,,,,,,,,,,,1.6741840142318416,2.702983433149889,-1.6075194404143414
lstm_base_dunnhumby_v6_seed2024_sample,lstm_base,dunnhumby,v6,2024.0,sample,strict,A,valendin_aggregate_mape_v1,3.6883387565612793,2.2029097080230713,0.8535388846760327,1.2089841628183708,10.053895377601695,10.053888613965633,298.3996148072183,11872.0,13065.598459228873,10.053895377601695,10.053895377601695,10.075710491336515,10.075710491336515,10.053895377601695,10.053895377601695,10.053895377601695,1.0347236438831904,0.8235297098438245,rolling_origin_autoregressive,0.9,rolling_origin_autoregressive,2215.0,1832.1166381835938,0.0,0.0,1.2089841628183708,1.0,2.0,dunnhumby_configured_80x4,2498.0,80.0,4.0,sample,30.0,True,,,100.0,100.0,,,,,,,,,,,,,,,,,,,,,,,,,,,,,,,,,,,,
lstm_base_dunnhumby_v6_seed42_sample,lstm_base,dunnhumby,v6,42.0,sample,strict,A,valendin_aggregate_mape_v1,3.3031351566314697,2.071288585662842,0.8544469774581916,1.1431794224075083,7.6973481033803175,7.697347553592486,228.45729170832783,11872.0,12785.829166833311,7.6973481033803175,7.6973481033803175,7.71564511008877,7.71564511008877,7.6973481033803175,7.6973481033803175,7.6973481033803175,0.9988253111996411,0.8235297098438245,rolling_origin_autoregressive,0.9,rolling_origin_autoregressive,2215.0,1937.57861328125,0.0,0.0,1.1431794224075083,1.0,2.0,dunnhumby_configured_80x4,2498.0,80.0,4.0,sample,30.0,True,,,100.0,100.0,,,,,,,,,,,,,,,,,,,,,,,,,,,,,,,,,,,,
lstm_base_dunnhumby_v6_seed7_sample,lstm_base,dunnhumby,v6,7.0,sample,strict,B,valendin_aggregate_mape_v1,3.6969921588897705,2.2730634212493896,0.8467162041316254,1.2717555236494342,17.103471858784648,17.103473838127528,507.6310447687283,11872.0,13902.524179074913,17.103471858784648,17.103471858784648,17.127009019860424,17.127009019860424,17.103471858784648,17.103471858784648,17.103471858784648,1.0541662699906806,0.8235297098438245,rolling_origin_autoregressive,0.9,rolling_origin_autoregressive,2215.0,1741.6869506835938,0.0,0.0,1.2717555236494342,1.0,2.0,dunnhumby_configured_80x4,2498.0,80.0,4.0,sample,30.0,False,absolute frequency bias 17.1% exceeds 15.0%,large frequency bias (17.1%),100.0,100.0,,,,,,,,,,,,,,,,,,,,,,,,,,,,,,,,,,,,
lstm_joint_dunnhumby_v6_seed2024_sample,lstm_joint,dunnhumby,v6,2024.0,sample,strict,A,valendin_aggregate_mape_v1,4.084772109985352,2.2962255477905273,0.8325450674582358,1.1534988283537906,7.596704624047266,7.596705351878369,225.47019324172288,11872.0,12773.880772966892,7.596704624047266,7.596704624047266,7.612266714124294,7.612266714124294,7.596704624047266,7.596704624047266,7.596704624047266,1.0601485106079032,0.8235297098438245,rolling_origin_autoregressive,0.9,rolling_origin_autoregressive,2215.0,1920.2446899414062,63355.44140625,66869.3671875,1.1534988283537906,0.9474508892629858,2.0,dunnhumby_configured_80x4,2498.0,80.0,4.0,sample,30.0,True,,,89.0,100.0,,,,,1.4164849639525492,0.9474508892629858,63.158687591552734,100.4468002319336,0.8277164239686768,1.0667484998703003,1.5355221033096313,0.46443551778793335,-4.120948964460286,3576.2189566323905,347125.7604829216,332820.8846563921,4.120949078117571,4.120949078117557,-4.120949078117557,4.016857279229642,-4.016857279229642,-4.120949078117571,4.120949078117571,0.9738404730598171,27.51521755817735,62.99242401123047,100.17718505859375,0.789700948969541,3.3948466397355963,0.8277121465424518,346205.21875,331927.6875,rolling_origin_autoregressive,,,
lstm_joint_dunnhumby_v6_seed42_sample,lstm_joint,dunnhumby,v6,42.0,sample,strict,A,valendin_aggregate_mape_v1,3.954974412918091,2.2754247188568115,0.8344851543227064,1.1336539586716567,6.414135328758849,6.414136860891173,190.37153655756265,11872.0,12633.48614623025,6.414135328758849,6.414135328758849,6.432547898133921,6.432547898133921,6.414135328758849,6.414135328758849,6.414135328758849,1.0513402679536819,0.8235297098438245,rolling_origin_autoregressive,0.9,rolling_origin_autoregressive,2215.0,1953.8590087890625,63355.44140625,68567.33203125,1.1336539586716567,0.9239887207128805,2.0,dunnhumby_configured_80x4,2498.0,80.0,4.0,sample,30.0,True,,,99.0,100.0,,,,,1.4543292217207917,0.9239887207128805,64.00398254394531,103.62625122070312,0.8321125149175099,1.0487747192382812,1.494992971420288,0.49233418703079224,-3.7050334064816566,3483.345157600015,347125.7604829216,334264.62304067134,4.013928730329876,3.705036878956447,-3.705036878956447,3.8651688360286958,-3.5424623414902676,-3.7050368789564554,4.013928730329876,0.974039522035983,27.51521755817735,63.83226013183594,103.34356689453125,0.795236656144403,3.3908549522591356,0.8321163496382654,346205.21875,333359.65625,rolling_origin_autoregressive,,,
lstm_joint_dunnhumby_v6_seed7_sample,lstm_joint,dunnhumby,v6,7.0,sample,strict,A,valendin_aggregate_mape_v1,3.7886383533477783,2.271228313446045,0.8416022644244546,1.3268981654462548,11.445132924452164,11.445128242924527,339.6915451977402,11872.0,13230.76618079096,11.445132924452164,11.445132924452164,11.469846137808373,11.469846137808373,11.445132924452164,11.445132924452164,11.445132924452164,1.0387583573168528,0.8235297098438245,rolling_origin_autoregressive,0.75,rolling_origin_autoregressive,2215.0,1669.3067016601562,63355.44140625,65483.076171875,1.3268981654462548,0.9675086313898793,2.0,dunnhumby_configured_80x4,2498.0,80.0,4.0,sample,30.0,True,,,99.0,100.0,,,,,1.4615929875740448,0.9675086313898793,65.16604614257812,104.10374450683594,0.8292612318606781,1.0335661172866821,1.454652190208435,0.5193621516227722,-0.10590542476321622,2877.1108214123997,347125.7604829216,346758.13429651,3.315352703769102,0.10590576334644629,-0.10590576334644629,3.306848764503322,0.03787386580387771,-0.10590576334646726,3.315352703769102,0.9746567705779706,27.51521755817735,64.98953247070312,103.82026672363281,0.7914388195520107,3.4040519693072837,0.8292586459772634,346205.21875,345835.3125,rolling_origin_autoregressive,,,
lstm_joint_dunnhumby_v7_seed2024_sample,lstm_joint,dunnhumby,v7,2024.0,sample,strict,A,valendin_aggregate_mape_v1,4.041169166564941,2.3372087478637695,0.8402029787112762,1.1774177294895796,9.489260156415504,9.489264064079347,281.64124144241214,11872.0,12998.564965769649,9.489260156415504,9.489260156415504,9.50267161307823,9.50267161307823,9.489260156415504,9.489260156415504,9.489260156415504,1.0672676751661994,0.8235297098438245,rolling_origin_autoregressive,0.9,rolling_origin_autoregressive,2215.0,1881.2354736328125,63355.44140625,67431.421875,1.1774177294895796,0.9395536923972063,2.0,dunnhumby_configured_80x4,2498.0,80.0,4.0,sample,30.0,True,,,107.0,120.0,,,,,1.4272113792261458,0.9395536923972063,63.801002502441406,101.96031951904297,0.8298809245991443,1.058532476425171,1.5209187269210815,0.47457385063171387,-2.5852572878848656,2335.0743920416535,347125.7604829216,338151.64168991597,2.6907532172698407,2.585264424202009,-2.585264424202009,2.586971516682733,-2.476764923428021,-2.5852644242020215,2.6907532172698407,0.9746972937165955,27.51521755817735,63.628746032714844,101.6846694946289,0.7907883096561056,3.3941431247307206,0.8298833557788821,346205.21875,337244.8125,rolling_origin_autoregressive,,,
lstm_joint_dunnhumby_v7_seed42_sample,lstm_joint,dunnhumby,v7,42.0,sample,strict,A,valendin_aggregate_mape_v1,3.769998788833618,2.20662784576416,0.8369915619517829,1.1476691196700937,4.28999919943873,4.289998262719003,127.3271762393415,11872.0,12381.308704957366,4.28999919943873,4.28999919943873,4.306386960386561,4.306386960386561,4.28999919943873,4.28999919943873,4.28999919943873,1.0339837018852116,0.8235297098438245,rolling_origin_autoregressive,0.9,rolling_origin_autoregressive,2215.0,1929.998779296875,63355.44140625,68446.03515625,1.1476691196700937,0.9256261704804509,2.0,dunnhumby_configured_80x4,2498.0,80.0,4.0,sample,30.0,True,,,104.0,120.0,,,,,1.3977226745019815,0.9256261704804509,63.4069938659668,101.67239379882812,0.8285746710199939,1.0663812160491943,1.5377700328826904,0.46286630630493164,-5.032704286558977,4367.450050116207,347125.7604829216,329655.9602824568,5.032700591324836,5.032700591324824,-5.032700591324824,4.877004841768473,-4.877004841768473,-5.032700591324836,5.032700591324836,0.9739344371691001,27.51521755817735,63.23951721191406,101.39682006835938,0.788317965400839,3.4155546537663426,0.8285814526435542,346205.21875,328762.53125,rolling_origin_autoregressive,,,
lstm_joint_dunnhumby_v7_seed7_sample,lstm_joint,dunnhumby,v7,7.0,sample,strict,A,valendin_aggregate_mape_v1,3.820582866668701,2.284487724304199,0.8408988055509212,1.3121821559865101,12.674136287118545,12.67413938784535,376.16836500167847,11872.0,13376.673460006714,12.674136287118545,12.674136287118545,12.699753920913784,12.699753920913784,12.674136287118545,12.674136287118545,12.674136287118545,1.045979830055718,0.8235297098438245,rolling_origin_autoregressive,0.75,rolling_origin_autoregressive,2215.0,1688.02783203125,63355.44140625,66520.4453125,1.3121821559865101,0.9524205845077941,2.0,dunnhumby_configured_80x4,2498.0,80.0,4.0,sample,30.0,True,,,111.0,120.0,,,,,1.470040213470777,0.9524205845077941,64.50184631347656,104.06836700439453,0.8269522263049215,1.025315284729004,1.453853964805603,0.5198894739151001,-0.9548232881023664,2781.131208033672,347125.7604829216,343811.30258696026,3.204753463603001,0.9548291349366526,-0.9548291349366526,3.170059452947809,-0.8195112275661794,-0.9548291349366611,3.204753463603001,0.9729162406350381,27.51521755817735,64.32657623291016,103.78544616699219,0.7912978565511766,3.364470135115662,0.826954916358713,346205.21875,342895.75,rolling_origin_autoregressive,,,
lstm_joint_dunnhumby_v7_twostage_seed2024_sample,lstm_joint,dunnhumby,v7_twostage,2024.0,sample,strict,A,valendin_aggregate_mape_v1,3.614290237426758,2.159001350402832,0.8544512704772537,1.1788058079116042,7.689631930577526,7.68963178855711,228.22827569954097,11872.0,12784.913102798164,7.689631930577526,7.689631930577526,7.706480214491365,7.706480214491365,7.689631930577526,7.689631930577526,7.689631930577526,1.0201689635365925,0.8235297098438245,rolling_origin_autoregressive,0.9,rolling_origin_autoregressive,2215.0,1879.020263671875,63355.44140625,58912.572265625,1.1788058079116042,1.0754146181326627,2.0,dunnhumby_configured_80x4,2498.0,80.0,4.0,sample,30.0,True,,,80.0,120.0,,,,,1.5078807929667692,1.0754146181326627,83.65193176269531,131.7206268310547,0.7431982674026729,1.1865711212158203,1.6328022480010986,0.39442652463912964,1.3857460156729946,2264.424232065612,347125.7604829216,351936.0332207809,2.6093416160360365,1.3857435216468026,1.3857435216468026,2.649158881550142,1.501251200601576,1.3857435216468026,2.6093416160360365,1.1155510951377778,27.51521755817735,83.42870330810547,131.3704376220703,0.7380119811036054,2.8325816750204678,0.743181988912008,346205.21875,350999.625,rolling_origin_autoregressive,,,
lstm_joint_dunnhumby_v7_twostage_seed42_sample,lstm_joint,dunnhumby,v7_twostage,42.0,sample,strict,A,valendin_aggregate_mape_v1,3.2574245929718018,2.032470941543579,0.8521617795613416,1.133066684300896,6.186338073876498,6.1863325998146905,183.61051403265446,11872.0,12606.442056130618,6.186338073876498,6.186338073876498,6.204200587640132,6.204200587640132,6.186338073876498,6.186338073876498,6.186338073876498,0.991059878489773,0.8235297098438245,rolling_origin_autoregressive,0.9,rolling_origin_autoregressive,2215.0,1954.8717041015625,63355.44140625,60152.37109375,1.133066684300896,1.053249277696932,2.0,dunnhumby_configured_80x4,2498.0,80.0,4.0,sample,30.0,True,,,80.0,120.0,,,,,1.5334353923698676,1.053249277696932,85.24530792236328,133.6034393310547,0.7370136882820155,1.2088603973388672,1.6671624183654785,0.3686714768409729,2.4019213498278362,2890.321984748727,347125.7604829216,355463.4587012121,3.330576193167236,2.401924365017177,2.401924365017177,3.400246317130823,2.5290398553452773,2.401924365017177,3.330576193167236,1.1305706155876312,27.51521755817735,85.01847839355469,133.2481231689453,0.7335431638614507,2.8076796762840175,0.7370249335359257,346205.21875,354516.53125,rolling_origin_autoregressive,,,
lstm_joint_dunnhumby_v7_twostage_seed7_sample,lstm_joint,dunnhumby,v7_twostage,7.0,sample,strict,A,valendin_aggregate_mape_v1,3.5208346843719482,2.1652796268463135,0.8487454903921637,1.25213802978483,12.301300181580501,12.30129848593329,365.1025893893093,11872.0,13332.410357557237,12.301300181580501,12.301300181580501,12.327831707795731,12.327831707795731,12.301300181580501,12.301300181580501,12.301300181580501,1.02066033588471,0.8235297098438245,rolling_origin_autoregressive,0.9,rolling_origin_autoregressive,2215.0,1768.9743041992188,63355.44140625,59693.435546875,1.25213802978483,1.0613468771871803,2.0,dunnhumby_configured_80x4,2498.0,80.0,4.0,sample,30.0,True,,,80.0,120.0,,,,,1.5218251240906842,1.0613468771871803,84.08333587646484,132.11280822753906,0.7417687080631756,1.194506049156189,1.64067804813385,0.38857054710388184,0.6560752839568946,3465.7918870252724,347125.7604829216,349403.15465448564,3.9937017433723847,0.6560717845877276,0.6560717845877276,4.026644311876739,0.8140230868049593,0.6560717845876983,3.9937017433723847,1.1142800558754409,27.51521755817735,83.85994720458984,131.76211547851562,0.7334507501584634,3.002879117170087,0.7417587019244847,346205.21875,348477.875,rolling_origin_autoregressive,,,
transformer_joint_dunnhumby_v6_seed2024_sample,transformer_joint,dunnhumby,v6,2024.0,sample,strict,B,valendin_aggregate_mape_v1,4.42668342590332,2.4625039100646973,0.8369910849496649,1.1881191489963543,15.385452732305744,15.385449350362196,456.64023709483445,11872.0,13698.560948379338,15.385452732305744,15.385452732305744,15.418095931221648,15.418095931221648,15.385452732305744,15.385452732305744,15.385452732305744,1.0981843696379752,0.8235297098438245,rolling_origin_autoregressive,0.75,rolling_origin_autoregressive,2215.0,1864.2911376953125,63355.44140625,65675.62890625,1.1881191489963543,0.9646720170230574,2.0,dunnhumby_configured_80x4,2498.0,80.0,4.0,sample,30.0,False,absolute frequency bias 15.4% exceeds 15.0%,large frequency bias (15.4%),100.0,100.0,,,,,1.425122788888912,0.9646720170230574,66.6285629272461,106.48056030273438,0.8228889449178651,0.9854975938796997,1.482595443725586,0.5007191300392151,4.175954247128022,5619.89668829702,347125.7604829216,361621.5868684663,6.4759200590340695,4.1759581211656736,4.1759581211656736,6.53236087119177,4.374672013653673,4.175958121165657,6.4759200590340695,1.00064709026079,27.51521755817735,66.45032501220703,106.1937026977539,0.7843459678576931,3.3971275449010347,0.8228881570148963,346205.21875,360636.46875,rolling_origin_autoregressive,,,
transformer_joint_dunnhumby_v6_seed42_sample,transformer_joint,dunnhumby,v6,42.0,sample,strict,A,valendin_aggregate_mape_v1,3.969561815261841,2.3142576217651367,0.838019382265562,1.0435528651151527,9.875551976748012,9.875554087348384,293.106382669881,11872.0,13044.425530679524,9.875551976748012,9.875551976748012,9.904026898230756,9.904026898230756,9.875551976748012,9.875551976748012,9.875551976748012,1.0595896255451966,0.8235297098438245,rolling_origin_autoregressive,0.9,rolling_origin_autoregressive,2215.0,2122.5565795898438,63355.44140625,66183.966796875,1.0435528651151527,0.9572626796561466,2.0,dunnhumby_configured_80x4,2498.0,80.0,4.0,sample,30.0,True,,,97.0,100.0,,,,,1.4596471809703107,0.9572626796561466,66.90826416015625,106.80767822265625,0.8181590193262809,1.0144760608673096,1.5146260261535645,0.4789127707481384,1.1960092992236964,4916.800291961503,347125.7604829216,351277.39608553424,5.665727931135098,1.1960033150051648,1.1960033150051648,5.598306732910712,1.4050742964532617,1.1960033150051395,5.665727931135098,1.0007391333298148,27.51521755817735,66.7282943725586,106.51522064208984,0.7802134100354299,3.367102941901643,0.8181664089997445,346205.21875,350311.9375,rolling_origin_autoregressive,,,
transformer_joint_dunnhumby_v6_seed7_sample,transformer_joint,dunnhumby,v6,7.0,sample,strict,B,valendin_aggregate_mape_v1,4.218326091766357,2.4762349128723145,0.8338409629623357,1.1877907857790677,18.88271184685838,18.88271444891341,560.4388876147568,11872.0,14113.755550459027,18.88271184685838,18.88271184685838,18.910717250250944,18.910717250250944,18.88271184685838,18.88271184685838,18.88271184685838,1.1071001154727045,0.8235297098438245,rolling_origin_autoregressive,0.9,rolling_origin_autoregressive,2215.0,1864.8065185546875,63355.44140625,66804.431640625,1.1877907857790677,0.9483718347769371,2.0,dunnhumby_configured_80x4,2498.0,80.0,4.0,sample,30.0,False,absolute frequency bias 18.9% exceeds 15.0%,large frequency bias (18.9%),100.0,100.0,,,,,1.45000393683574,0.9483718347769371,64.9514389038086,103.61161041259766,0.8193373666200504,1.0039788484573364,1.48362135887146,0.5000278949737549,-4.081896114016318,4544.613751054723,347125.7604829216,332956.4482823983,5.236849889483573,4.081895904473057,-4.081895904473057,5.156957608316885,-3.950350343674762,-4.081895904473078,5.236849889483573,0.9776142219348185,27.51521755817735,64.7803955078125,103.33171081542969,0.7781889026973235,3.40323986654023,0.8193436284938691,346205.21875,332081.84375,rolling_origin_autoregressive,,,
transformer_joint_dunnhumby_v7_seed2024_sample,transformer_joint,dunnhumby,v7,2024.0,sample,strict,B,valendin_aggregate_mape_v1,4.507894039154053,2.480680227279663,0.841787102745183,1.1951948704042108,17.381541398378978,17.38154573260613,515.8841487038881,11872.0,13935.536594815552,17.381541398378978,17.381541398378978,17.41226395639504,17.41226395639504,17.381541398378978,17.381541398378978,17.381541398378978,1.1009487893556595,0.8235297098438245,rolling_origin_autoregressive,0.75,rolling_origin_autoregressive,2215.0,1853.2542724609375,63355.44140625,65758.78125,1.1951948704042108,0.9634521839050963,2.0,dunnhumby_configured_80x4,2498.0,80.0,4.0,sample,30.0,False,absolute frequency bias 17.4% exceeds 15.0%,large frequency bias (17.4%),120.0,120.0,,,,,1.423393423165233,0.9634521839050963,66.66536712646484,106.73011016845703,0.8245632207909882,0.9845577478408813,1.4748743772506714,0.5059059262275696,4.388665346779949,5278.952376837107,347125.7604829216,362359.9022044775,6.0830430671501015,4.388652026390135,4.388652026390135,6.1584253746183375,4.568847473886414,4.388652026390118,6.0830430671501015,0.9991915421189028,27.51521755817735,66.48710632324219,106.44237518310547,0.7865479485805187,3.389011937128166,0.8245655528444403,346205.21875,361376.5625,rolling_origin_autoregressive,,,
transformer_joint_dunnhumby_v7_seed42_sample,transformer_joint,dunnhumby,v7,42.0,sample,strict,A,valendin_aggregate_mape_v1,3.8870692253112793,2.2886083126068115,0.8417227074592517,1.1641608989890915,8.197256881521508,8.19725180571934,243.29458424355835,11872.0,12845.178336974233,8.197256881521508,8.197256881521508,8.22337673251122,8.22337673251122,8.197256881521508,8.197256881521508,8.197256881521508,1.0417873389952224,0.8235297098438245,rolling_origin_autoregressive,0.75,rolling_origin_autoregressive,2215.0,1902.657958984375,63355.44140625,64825.142578125,1.1641608989890915,0.9773282230717231,2.0,dunnhumby_configured_80x4,2498.0,80.0,4.0,sample,30.0,True,,,108.0,120.0,,,,,1.439478256442243,0.9773282230717231,67.4187240600586,109.34781646728516,0.8186876217731947,0.9834467172622681,1.4566551446914673,0.5180376172065735,0.24579529176386367,4147.813820303101,347125.7604829216,347978.9842768009,4.779609343348831,0.24579673738193966,0.24579673738193966,4.695559421327845,0.4422034066074568,0.2457967373819187,4.779609343348831,0.9882379713099656,27.51521755817735,67.23796081542969,109.04917907714844,0.7842808110157424,3.3830083144499925,0.8186926575265746,346205.21875,347026.6875,rolling_origin_autoregressive,,,
transformer_joint_dunnhumby_v7_seed7_sample,transformer_joint,dunnhumby,v7,7.0,sample,strict,B,valendin_aggregate_mape_v1,4.1390461921691895,2.4415762424468994,0.8358850362885323,1.1779728513420227,19.570085407652694,19.570092049570416,580.840134899132,11872.0,14195.360539596528,19.570085407652694,19.570085407652694,19.59232942028312,19.59232942028312,19.570085407652694,19.570085407652694,19.570085407652694,1.0970699998079467,0.8235297098438245,rolling_origin_autoregressive,0.9,rolling_origin_autoregressive,2215.0,1880.3489379882812,63355.44140625,67598.583984375,1.1779728513420227,0.9372303038314268,2.0,dunnhumby_configured_80x4,2498.0,80.0,4.0,sample,30.0,False,absolute frequency bias 19.6% exceeds 15.0%,large frequency bias (19.6%),114.0,120.0,,,,,1.4294621941018495,0.9372303038314268,64.58384704589844,102.89866638183594,0.8220993855286823,1.010959267616272,1.4857118129730225,0.498617947101593,-3.3923045178872497,4116.698043360808,347125.7604829216,335350.1689715543,4.743754007347256,3.392312773037957,-3.392312773037957,4.6567665740070625,-3.246637066332507,-3.39231277303797,4.743754007347256,0.9807848623560144,27.51521755817735,64.4129867553711,102.62052917480469,0.7811467326648313,3.391848176362471,0.8221197544877543,346205.21875,334465.96875,rolling_origin_autoregressive,,,
transformer_joint_dunnhumby_v7_twostage_seed2024_sample,transformer_joint,dunnhumby,v7_twostage,2024.0,sample,strict,A,valendin_aggregate_mape_v1,3.657792568206787,2.180067777633667,0.8428797953470113,1.062593864913698,7.160137861909349,7.160139469444912,212.5128917414695,11872.0,12722.051566965878,7.160137861909349,7.160137861909349,7.186272615233978,7.186272615233978,7.160137861909349,7.160137861909349,7.160137861909349,1.0245253017989553,0.8235297098438245,rolling_origin_autoregressive,0.9,rolling_origin_autoregressive,2215.0,2084.521728515625,63355.44140625,62582.984375,1.062593864913698,1.012342924182417,2.0,dunnhumby_configured_80x4,2498.0,80.0,4.0,sample,30.0,True,,,120.0,120.0,,,,,1.3970614354171005,1.012342924182417,77.54857635498047,120.17511749267578,0.773834844148478,1.1134681701660156,1.583322286605835,0.4305726885795593,6.154505967938132,9985.389049514648,347125.7604829216,368489.6496060207,11.50636476604095,6.1545098506597835,6.1545098506597835,11.481904128800657,6.4611089895642415,6.154509850659759,11.50636476604095,1.0795580584260227,27.51521755817735,77.33392333984375,119.85015869140625,0.7557535225443409,3.2087322231635143,0.773834530698668,346205.21875,367442.5,rolling_origin_autoregressive,,,
transformer_joint_dunnhumby_v7_twostage_seed42_sample,transformer_joint,dunnhumby,v7_twostage,42.0,sample,strict,A,valendin_aggregate_mape_v1,3.715837240219116,2.1962478160858154,0.8439474453376441,1.1876242236914123,6.117464827481567,6.117466517857143,181.5663560796529,11872.0,12598.265424318612,6.117464827481567,6.117464827481567,6.146777559097361,6.146777559097361,6.117464827481567,6.117464827481567,6.117464827481567,1.0080268487418582,0.8235297098438245,rolling_origin_autoregressive,0.75,rolling_origin_autoregressive,2215.0,1865.0680541992188,63355.44140625,60332.2890625,1.1876242236914123,1.0501083647036535,2.0,dunnhumby_configured_80x4,2498.0,80.0,4.0,sample,30.0,True,,,120.0,120.0,,,,,1.3852396955274549,1.0501083647036535,73.77694702148438,118.39262390136719,0.7783900101034756,1.0485126972198486,1.4710885286331177,0.5084391832351685,-2.6099511488271903,6943.516831287092,347125.7604829216,338065.91283871885,8.001154188761175,2.60996119435178,-2.60996119435178,7.678925352654028,-2.2757982674304573,-2.609961194351801,8.001154188761175,1.034386977670057,27.51521755817735,73.57597351074219,118.0760269165039,0.7604584972641804,3.203511097936634,0.7783763195535931,346205.21875,337096.625,rolling_origin_autoregressive,,,
transformer_joint_dunnhumby_v7_twostage_seed7_sample,transformer_joint,dunnhumby,v7_twostage,7.0,sample,strict,A,valendin_aggregate_mape_v1,3.5609383583068848,2.223813533782959,0.8479566481395068,1.1396107446206587,13.334841856882326,13.334849067132748,395.7781063122675,11872.0,13455.11242524907,13.334841856882326,13.334841856882326,13.370099810339585,13.370099810339585,13.334841856882326,13.334841856882326,13.334841856882326,1.0385859609009918,0.8235297098438245,rolling_origin_autoregressive,0.9,rolling_origin_autoregressive,2215.0,1943.6461181640625,63355.44140625,62762.587890625,1.1396107446206587,1.009445969893054,2.0,dunnhumby_configured_80x4,2498.0,80.0,4.0,sample,30.0,True,,,120.0,120.0,,,,,1.4907630771958131,1.009445969893054,72.27672576904297,119.60693359375,0.7751647749894915,1.0668890476226807,1.5117833614349365,0.4808669090270996,-14.497790065991936,12581.39420999671,347125.7604829216,296800.18364293483,14.497793759234076,14.49779375923406,-14.49779375923406,14.419796973256183,-14.419796973256183,-14.497793759234076,14.497793759234076,1.008311913127988,27.51521755817735,72.08430480957031,119.28797149658203,0.7556189909462283,3.2346620257607737,0.7751685815995281,346205.21875,295990.4375,rolling_origin_autoregressive,,,
pareto_nbd_tafeng,pareto_nbd,tafeng,,,,strict,A,,1.2928977012634277,0.9239565134048462,,,,14.802479399707902,,,,,,,,,,14.802479399707902,,,,,,,,,,,,,,,,,,,,,,,,,,,,,,,,,,,,,,,,,,,,,,,,,,,,,,,,,,,
bgnbd_gg_tafeng,bgnbd_gg,tafeng,,,,strict,A,,1.2972151041030884,0.9309380054473877,,,,16.100279649483852,,,,,,,,,,16.100279649483852,,,,,,,,,,,,,,,,,,,,,,,,,,,,,,,,,,,,,,,,,,,,,,,,,,,,,,,,,2.5144926127745757,3.9721244783129066,-0.26582947691848857
lstm_base_tafeng_v6_seed2024_sample,lstm_base,tafeng,v6,2024.0,sample,strict,A,valendin_aggregate_mape_v1,1.8029743432998657,0.9474921226501465,0.6188138634873481,1.8834573735287214,2.0875504039766843,2.0875559091512597,4127.986763355136,30127.0,30755.916310206056,68.50975476076503,2.0875504039766843,80.37583912466488,22.404765808770584,2.0875504039766843,68.50975476076503,68.50975476076503,0.8843105039756243,0.3518873876671712,rolling_origin_autoregressive,0.75,rolling_origin_autoregressive,2897.0,1538.1287841796875,0.0,0.0,1.8834573735287214,1.0,2.0,tafeng_configured_12x5,27809.0,12.0,5.0,sample,30.0,True,,,75.0,100.0,,,,,,,,,,,,,,,,,,,,,,,,,,,,,,,,,,,,
lstm_base_tafeng_v6_seed42_sample,lstm_base,tafeng,v6,42.0,sample,strict,A,valendin_aggregate_mape_v1,1.8118529319763184,0.9752764105796814,0.6119634184748393,1.8429035100954547,6.375921070778505,6.375925249775949,1890.82289481014,30127.0,32047.87374099344,31.380869233746147,6.375921070778505,38.90131849416897,15.413880646285389,6.375921070778505,31.380869233746147,31.380869233746147,0.8388827041133025,0.3518873876671712,rolling_origin_autoregressive,0.75,rolling_origin_autoregressive,2897.0,1571.9759521484375,0.0,0.0,1.8429035100954547,1.0,2.0,tafeng_configured_12x5,27809.0,12.0,5.0,sample,30.0,True,,,55.0,100.0,,,,,,,,,,,,,,,,,,,,,,,,,,,,,,,,,,,,
lstm_joint_tafeng_v7_seed2024_sample,lstm_joint,tafeng,v7,2024.0,sample,strict,B,valendin_aggregate_mape_v1,1.6677149534225464,0.9330268502235413,0.6098009880144318,1.8663617539120816,2.606222622867391,2.606226090798951,3296.601308722049,30127.0,30912.17668959126,54.71174210379475,2.606222622867391,64.5215508093102,19.02069995605749,2.606222622867391,54.71174210379475,54.71174210379475,0.8625733970644801,0.3518873876671712,rolling_origin_autoregressive,0.75,rolling_origin_autoregressive,2897.0,1552.2178344726562,3010621.0,1911220.375,1.8663617539120816,1.575234881011563,2.0,tafeng_configured_12x5,27809.0,12.0,5.0,sample,30.0,False,absolute spend bias 60.8% exceeds 50.0%,large spend bias (60.8%),120.0,120.0,,,,,1.9010452050876472,1.575234881011563,1164.7589111328125,4722.72119140625,0.5313164207548723,3.566072940826416,4.490714073181152,-0.6179320812225342,60.80733896884912,4436854.219504032,23513493.88786887,37811420.76618876,94.34697881698268,60.80732598270523,60.80732598270523,112.9195166619805,82.41383381087812,60.807325982705215,94.34697881698268,1.1688610987419579,289.2988732420841,1164.7589111328125,4722.72119140625,0.37430407518060516,3.2910696987398538,0.5313164207548723,23513494.0,37811424.0,rolling_origin_autoregressive,,,
lstm_joint_tafeng_v7_seed42_sample,lstm_joint,tafeng,v7,42.0,sample,strict,B,valendin_aggregate_mape_v1,1.7067736387252808,0.9848683476448059,0.612827308458701,1.8532879365892883,21.928292612483705,21.928290030537394,1872.0125438824296,30127.0,36733.336715362966,31.0686849650219,21.928292612483705,37.56503094494158,28.496280725777467,21.928292612483705,31.0686849650219,31.0686849650219,0.8866804726437753,0.3518873876671712,rolling_origin_autoregressive,0.75,rolling_origin_autoregressive,2897.0,1563.1677856445312,3010621.0,1925676.9375,1.8532879365892883,1.563409179064336,2.0,tafeng_configured_12x5,27809.0,12.0,5.0,sample,30.0,False,absolute frequency bias 21.9% exceeds 15.0%; absolute spend bias 77.4% exceeds 50.0%,large frequency bias (21.9%); large spend bias (77.4%),120.0,120.0,,,,,1.8561149819623628,1.563409179064336,1224.3397216796875,3922.763427734375,0.5313014452927075,3.6763503551483154,4.649473667144775,-0.7343511581420898,77.41271458848267,3640487.468604597,23513493.88786887,41715931.23089185,77.41272917511431,77.41272917511431,77.41272917511431,82.44365259326734,82.44365259326734,77.41272917511431,77.41272917511431,1.1895116688808418,289.2988732420841,1224.3397216796875,3922.763427734375,0.37482653736278976,3.311641825829474,0.5313014452927075,23513494.0,41715928.0,rolling_origin_autoregressive,,,
lstm_joint_tafeng_v7_twostage_seed2024_sample,lstm_joint,tafeng,v7_twostage,2024.0,sample,strict,A,valendin_aggregate_mape_v1,1.5994422435760498,0.955745279788971,0.6161055280723636,1.8287282544864178,11.525886387605325,11.525881580475986,3119.403500628471,30127.0,33599.40379199386,51.7708948887787,11.525886387605325,61.72842359785336,26.764761716456093,11.525886387605325,51.7708948887787,51.7708948887787,0.8627435814435395,0.3518873876671712,rolling_origin_autoregressive,0.75,rolling_origin_autoregressive,2897.0,1584.1610107421875,3010621.0,1702148.1875,1.8287282544864178,1.7687185064784496,2.0,tafeng_configured_12x5,27809.0,12.0,5.0,sample,30.0,True,,large spend bias (43.6%),80.0,120.0,,,,,2.019657070549786,1.7687185064784496,1098.76025390625,3242.861328125,0.49438019475910777,3.5781211853027344,4.4226460456848145,-0.5692561864852905,43.58400329614986,3224737.3483426655,23513493.88786887,33761615.527446166,68.57205831938013,43.58400197115975,43.58400197115975,80.94135403764699,58.232540770913054,43.584001971159765,68.57205831938013,1.057964126970958,289.2988732420841,1098.76025390625,3242.861328125,0.40600044925924167,3.018658472146044,0.49438019475910777,23513494.0,33761616.0,rolling_origin_autoregressive,,,
lstm_joint_tafeng_v7_twostage_seed42_sample,lstm_joint,tafeng,v7_twostage,42.0,sample,strict,B,valendin_aggregate_mape_v1,1.7398173809051514,1.011532187461853,0.6095976638636473,1.8069527660898805,23.440251159888366,23.440248780163973,1888.3819464236499,30127.0,37188.84446693957,31.34035825710575,23.440251159888366,37.22118255252405,29.38299626838547,23.440251159888366,31.34035825710575,31.34035825710575,0.8861730940213184,0.3518873876671712,rolling_origin_autoregressive,0.75,rolling_origin_autoregressive,2897.0,1603.2516479492188,3010621.0,1808071.25,1.8069527660898805,1.665100863696605,2.0,tafeng_configured_12x5,27809.0,12.0,5.0,sample,30.0,False,absolute frequency bias 23.4% exceeds 15.0%; absolute spend bias 58.9% exceeds 50.0%,large frequency bias (23.4%); large spend bias (58.9%),80.0,120.0,,,,,2.189875819609937,1.665100863696605,1165.6622314453125,3248.539306640625,0.4776570700857993,3.70451283454895,4.606651306152344,-0.702551007270813,58.88752220320808,2799692.4560420653,23513493.88786887,37360011.29191948,59.533739847281666,58.887536961039764,58.887536961039764,64.11803139350116,63.48626274888811,58.887536961039764,59.533739847281666,1.1026431067925886,289.2988732420841,1165.6622314453125,3248.539306640625,0.39351659970971,3.0581309825512273,0.4776570700857993,23513494.0,37360008.0,rolling_origin_autoregressive,,,
transformer_joint_tafeng_v6b_seed2024_sample,transformer_joint,tafeng,v6b,2024.0,sample,strict,B,valendin_aggregate_mape_v1,1.3285706043243408,0.8316981196403503,0.6172313367058097,2.0856072531554157,27.554329504361963,-27.5543298992598,4557.064060813189,30127.0,21825.70715022087,75.63089688341336,-27.554329504361963,82.11538466319578,-12.042682900801893,-27.554329504361963,75.63089688341336,75.63089688341336,0.7965898940854619,0.3518873876671712,rolling_origin_autoregressive,0.75,rolling_origin_autoregressive,2897.0,1389.0438842773438,3010621.0,1623104.9375,2.0856072531554157,1.854852961409342,2.0,tafeng_configured_12x5,27809.0,12.0,5.0,sample,30.0,False,absolute frequency bias -27.6% exceeds 15.0%,large frequency bias (-27.6%),30.0,100.0,,,,,1.749374524502795,1.854852961409342,809.5457153320312,2985.307373046875,0.5468365796635812,3.300999641418457,4.136597156524658,-0.372827410697937,-7.425761564827414,4182811.41424381,23513493.88786887,21767437.149356585,88.94491465604382,7.425764741041374,-7.425764741041374,99.70823455715157,9.934812279497999,-7.425764741041374,88.94491465604382,0.8991186371725692,289.2988732420841,809.5457153320312,2985.307373046875,0.4002201838261647,3.4466666142692235,0.5468365796635812,23513494.0,21767438.0,rolling_origin_autoregressive,,,
transformer_joint_tafeng_v6b_seed7_sample,transformer_joint,tafeng,v6b,7.0,sample,strict,B,valendin_aggregate_mape_v1,1.6810433864593506,1.0054893493652344,0.6335132158958636,1.7693191752852628,26.877930614448474,26.87793548976002,1619.5028312429786,30127.0,38224.51415621489,26.877930614448474,26.877930614448474,31.345496329481428,31.345496329481428,26.877930614448474,26.877930614448474,26.877930614448474,0.8970793887895449,0.3518873876671712,rolling_origin_autoregressive,0.75,rolling_origin_autoregressive,2897.0,1637.3529663085938,3010621.0,1959478.0625,1.7693191752852628,1.5364402682614877,2.0,tafeng_configured_12x5,27809.0,12.0,5.0,sample,30.0,False,absolute frequency bias 26.9% exceeds 15.0%; absolute spend bias 68.4% exceeds 50.0%,large frequency bias (26.9%); large spend bias (68.4%),29.0,100.0,,,,,1.9030954715978587,1.5364402682614877,1155.091064453125,3261.37646484375,0.5620869415266306,3.6432228088378906,4.590810775756836,-0.6908622980117798,68.35704638366377,3214625.983805156,23513493.88786887,39586623.806894645,68.35704636527139,68.35704636527137,68.35704636527137,71.56971176630623,71.56971176630623,68.35704636527139,68.35704636527139,1.1254314989088778,289.2988732420841,1155.091064453125,3261.37646484375,0.4164862916673016,3.416640256247215,0.5620869415266306,23513494.0,39586624.0,rolling_origin_autoregressive,,,
transformer_joint_tafeng_v7_seed2024_sample,transformer_joint,tafeng,v7,2024.0,sample,strict,B,valendin_aggregate_mape_v1,1.2990995645523071,0.8235582113265991,0.617713611589212,1.567908521474634,31.067011156355118,-31.067011629933283,4254.169904566556,30127.0,20767.441548924893,70.60394172281602,-31.067011156355118,75.22991122638467,-17.60392636060008,-31.067011156355118,70.60394172281602,70.60394172281602,0.7653916175685773,0.3518873876671712,rolling_origin_autoregressive,0.75,rolling_origin_autoregressive,2897.0,1847.684326171875,3010621.0,2192914.5625,1.567908521474634,1.3728856798542055,2.0,tafeng_configured_12x5,27809.0,12.0,5.0,sample,30.0,False,absolute frequency bias -31.1% exceeds 15.0%,large frequency bias (-31.1%),120.0,120.0,,,,,1.8020468190014718,1.3728856798542055,800.9409790039062,3003.17822265625,0.539092672661382,3.353487730026245,4.1732635498046875,-0.3972724676132202,-9.16220277598897,3944024.4760336457,23513493.88786887,21359140.054468248,83.86725713417808,9.162202111154993,-9.162202111154993,93.55928146257438,6.918825281229939,-9.162202111154997,83.86725713417808,0.8832339358059569,289.2988732420841,800.9409790039062,3003.17822265625,0.3932926138271599,3.4301528648799304,0.539092672661382,23513494.0,21359140.0,rolling_origin_autoregressive,,,
transformer_joint_tafeng_v7_seed42_sample,transformer_joint,tafeng,v7,42.0,sample,strict,B,valendin_aggregate_mape_v1,1.8787730932235718,1.072908639907837,0.6403712073783273,1.6112429642449266,40.17822961646779,40.17823246174528,2420.8990473106505,30127.0,42231.49523655325,40.17822961646779,40.17822961646779,41.33521782861003,41.33521782861003,40.17822961646779,40.17822961646779,40.17822961646779,0.9306850856171062,0.3518873876671712,rolling_origin_autoregressive,0.75,rolling_origin_autoregressive,2897.0,1797.9907836914062,3010621.0,2222657.75,1.6112429642449266,1.3545139821909153,2.0,tafeng_configured_12x5,27809.0,12.0,5.0,sample,30.0,False,absolute frequency bias 40.2% exceeds 15.0%; absolute spend bias 86.6% exceeds 50.0%,large frequency bias (40.2%); large spend bias (86.6%),120.0,120.0,,,,,1.8617138104066897,1.3545139821909153,1264.0498046875,3672.827880859375,0.5562255431942978,3.709782600402832,4.680121898651123,-0.7572914361953735,86.63216959589248,4074049.738809335,23513493.88786887,43883742.58191555,86.6321644549649,86.6321644549649,86.6321644549649,86.6324838283543,86.6324838283543,86.6321644549649,86.6321644549649,1.204937729252712,289.2988732420841,1264.0498046875,3672.827880859375,0.41301626997874125,3.307603863947731,0.5562255431942978,23513494.0,43883744.0,rolling_origin_autoregressive,,,
transformer_joint_tafeng_v7_seed7_sample,transformer_joint,tafeng,v7,7.0,sample,strict,B,valendin_aggregate_mape_v1,1.7068767547607422,0.9813290238380432,0.6290007678490125,1.6176325463614825,19.851445701983145,19.85145695721446,1196.1290093272924,30127.0,36107.64504663646,19.851445701983145,19.851445701983145,23.529972095205622,23.529972095205622,19.851445701983145,19.851445701983145,19.851445701983145,0.8649984251248679,0.3518873876671712,rolling_origin_autoregressive,0.75,rolling_origin_autoregressive,2897.0,1790.8887939453125,3010621.0,2135225.25,1.6176325463614825,1.4099781744338213,2.0,tafeng_configured_12x5,27809.0,12.0,5.0,sample,30.0,False,absolute frequency bias 19.9% exceeds 15.0%; absolute spend bias 58.7% exceeds 50.0%,large frequency bias (19.9%); large spend bias (58.7%),120.0,120.0,,,,,1.7883699406756364,1.4099781744338213,1109.7906494140625,3345.958251953125,0.5515714285910617,3.6081113815307617,4.536845684051514,-0.6513439416885376,58.70606044342027,2760768.77716195,23513493.88786887,37317337.773678616,58.70605173198636,58.70605173198634,58.70605173198634,60.759900242896194,60.759900242896194,58.70605173198636,58.70605173198636,1.0826930031003434,289.2988732420841,1109.7906494140625,3345.958251953125,0.4023429080987615,3.3178754689463323,0.5515714285910617,23513494.0,37317340.0,rolling_origin_autoregressive,,,
transformer_joint_tafeng_v7_twostage_seed2024_sample,transformer_joint,tafeng,v7_twostage,2024.0,sample,strict,B,valendin_aggregate_mape_v1,1.287853717803955,0.8222588300704956,0.6284946514936673,1.7792418890704285,27.241326185623965,-27.24133200700368,4338.237099438906,30127.0,21920.005660057068,71.99915523349331,-27.241326185623965,77.87771800630063,-12.642153626757338,-27.241326185623965,71.99915523349331,71.99915523349331,0.7762058151915388,0.3518873876671712,rolling_origin_autoregressive,0.75,rolling_origin_autoregressive,2897.0,1628.2215576171875,3010621.0,1610552.375,1.7792418890704285,1.8693095901336334,2.0,tafeng_configured_12x5,27809.0,12.0,5.0,sample,30.0,False,absolute frequency bias -27.2% exceeds 15.0%,large frequency bias (-27.2%),60.0,120.0,,,,,1.68516663149511,1.8693095901336334,822.0049438476562,3019.986083984375,0.5035417857408386,3.381322145462036,4.1799235343933105,-0.40173590183258057,-13.016304595140134,3948752.7424452095,23513493.88786887,20452906.76343086,83.9678008142052,13.016300933554732,-13.016300933554732,92.86096346629319,2.568621271231404,-13.016300933554728,83.9678008142052,0.8647254627532227,289.2988732420841,822.0049438476562,3019.986083984375,0.4128508410428499,3.2339274871099484,0.5035417857408386,23513494.0,20452906.0,rolling_origin_autoregressive,,,
transformer_joint_tafeng_v7_twostage_seed42_sample,transformer_joint,tafeng,v7_twostage,42.0,sample,strict,B,valendin_aggregate_mape_v1,1.9325413703918457,1.0661053657531738,0.633915906692194,1.7713864229722138,36.83427752152941,36.834276562551864,2219.412557782233,30127.0,41224.062788911164,36.83427752152941,36.83427752152941,39.12725178629176,39.12725178629176,36.83427752152941,36.83427752152941,36.83427752152941,0.9277311276400758,0.3518873876671712,rolling_origin_autoregressive,0.75,rolling_origin_autoregressive,2897.0,1635.442138671875,3010621.0,1670787.375,1.7713864229722138,1.801917494139552,2.0,tafeng_configured_12x5,27809.0,12.0,5.0,sample,30.0,False,absolute frequency bias 36.8% exceeds 15.0%; absolute spend bias 56.7% exceeds 50.0%,large frequency bias (36.8%); large spend bias (56.7%),80.0,120.0,,,,,1.7680865146530507,1.801917494139552,1117.0194091796875,3148.1298828125,0.5119953758346227,3.727198600769043,4.676703453063965,-0.7547253370285034,56.65447253394157,2664288.9673000774,23513493.88786887,36834938.72436926,56.65446785589451,56.65446785589451,56.65446785589451,58.09610560003529,58.09610560003529,56.65446785589451,56.65446785589451,1.0836736392201152,289.2988732420841,1117.0194091796875,3148.1298828125,0.4153047669656061,3.3006540077725353,0.5119953758346227,23513494.0,36834940.0,rolling_origin_autoregressive,,,
transformer_joint_tafeng_v7_twostage_seed7_sample,transformer_joint,tafeng,v7_twostage,7.0,sample,strict,B,valendin_aggregate_mape_v1,1.582435131072998,0.9506597518920898,0.6288758739434764,1.6858040894215016,16.003238594915437,16.003229557373785,1377.8659208595752,30127.0,34948.29569149017,22.86762573206053,16.003238594915437,26.362786459302047,20.452249708311314,16.003238594915437,22.86762573206053,22.86762573206053,0.8556029176191142,0.3518873876671712,rolling_origin_autoregressive,0.75,rolling_origin_autoregressive,2897.0,1718.4677734375,3010621.0,1810624.4375,1.6858040894215016,1.6627528810761454,2.0,tafeng_configured_12x5,27809.0,12.0,5.0,sample,30.0,False,absolute frequency bias 16.0% exceeds 15.0%; absolute spend bias 61.6% exceeds 50.0%,large frequency bias (16.0%); large spend bias (61.6%),67.0,120.0,,,,,1.8671862984345309,1.6627528810761454,1170.8084716796875,3229.442138671875,0.5002396350495588,3.7259366512298584,4.6532416343688965,-0.7371634244918823,61.558686259047676,2894919.720547765,23513493.88786887,37988092.4906077,61.558689115982844,61.558689115982865,61.558689115982865,63.552808931217584,63.552808931217584,61.558689115982844,61.558689115982844,1.1094136982683116,289.2988732420841,1170.8084716796875,3229.442138671875,0.4121223398112229,3.22890884942496,0.5002396350495588,23513494.0,37988092.0,rolling_origin_autoregressive,,,
pareto_nbd_uci,pareto_nbd,uci,,,,strict,A,,3.4405646324157715,1.1898757219314575,,,,-11.297190267294663,,,,,,,,,,11.297190267294663,,,,,,,,,,,,,,,,,,,,,,,,,,,,,,,,,,,,,,,,,,,,,,,,,,,,,,,,,,,
bgnbd_gg_uci,bgnbd_gg,uci,,,,strict,A,,1.9445929527282715,1.0193806886672974,,,,-20.858314138735405,,,,,,,,,,20.858314138735405,,,,,,,,,,,,,,,,,,,,,,,,,,,,,,,,,,,,,,,,,,,,,,,,,,,,,,,,,2.1833284663633665,3.392350947479453,-0.06882198953080354
lstm_base_uci_v6_seed2024_sample,lstm_base,uci,v6,2024.0,sample,strict,A,valendin_aggregate_mape_v1,3.1674644947052,1.404138445854187,0.6456153288637286,2.993654752194326,7.0036157351937005,-7.003623484488291,68.45385751672663,8413.0,7823.785808198154,21.15535831968254,-7.0036157351937005,20.370276585910133,-2.825630153507732,-7.0036157351937005,21.15535831968254,21.15535831968254,0.9091764580506356,0.11463343958272965,rolling_origin_autoregressive,0.75,rolling_origin_autoregressive,662.0,221.13438415527344,0.0,0.0,2.993654752194326,1.0,2.0,uci_configured_78x26,4930.0,78.0,26.0,sample,30.0,True,,,95.0,100.0,,,,,,,,,,,,,,,,,,,,,,,,,,,,,,,,,,,,
lstm_base_uci_v6_seed42_sample,lstm_base,uci,v6,42.0,sample,strict,A,valendin_aggregate_mape_v1,2.4864604473114014,1.3039127588272095,0.6295040959142828,2.8657613023295756,14.965740272736106,-14.965741959987518,76.01367115630553,8413.0,7153.9322708547115,23.491684893188445,-14.965740272736106,21.816164877549905,-11.300188920073511,-14.965740272736106,23.491684893188445,23.491684893188445,0.8928131640992988,0.11463343958272965,rolling_origin_autoregressive,0.75,rolling_origin_autoregressive,662.0,231.00318908691406,0.0,0.0,2.8657613023295756,1.0,2.0,uci_configured_78x26,4930.0,78.0,26.0,sample,30.0,True,,,100.0,100.0,,,,,,,,,,,,,,,,,,,,,,,,,,,,,,,,,,,,
lstm_base_uci_v6_seed7_sample,lstm_base,uci,v6,7.0,sample,strict,B,valendin_aggregate_mape_v1,3.739929676055908,1.5407435894012451,0.603435323324153,3.036604152811108,19.281681940627273,19.281682738024486,72.11548328858156,8413.0,10035.167901664972,22.286967377904677,19.281681940627273,25.04232307057323,22.8599374928333,19.281681940627273,22.286967377904677,22.286967377904677,1.0298544183182796,0.11463343958272965,rolling_origin_autoregressive,0.75,rolling_origin_autoregressive,662.0,218.00668334960938,0.0,0.0,3.036604152811108,1.0,2.0,uci_configured_78x26,4930.0,78.0,26.0,sample,30.0,False,absolute frequency bias 19.3% exceeds 15.0%,large frequency bias (19.3%),100.0,100.0,,,,,,,,,,,,,,,,,,,,,,,,,,,,,,,,,,,,
lstm_joint_uci_v6b_seed2024_sample,lstm_joint,uci,v6b,2024.0,sample,strict,B,valendin_aggregate_mape_v1,3.4037277698516846,1.3560614585876465,0.6721782921572735,2.2866858420129303,47.95127288206684,-47.951273326993935,155.1592533680109,8413.0,4378.859412431717,47.95127288206684,-47.95127288206684,44.26232648277575,-44.26232648277575,-47.95127288206684,47.95127288206684,47.95127288206684,0.7767479602968079,0.11463343958272965,rolling_origin_autoregressive,0.75,rolling_origin_autoregressive,662.0,289.50194549560547,287846.2421875,141085.7109375,2.2866858420129303,2.0402225021569613,2.0,uci_configured_78x26,4930.0,78.0,26.0,sample,30.0,False,absolute frequency bias -48.0% exceeds 15.0%,large frequency bias (-48.0%); large spend bias (-47.7%),94.0,100.0,,,,,1.2014054060268913,2.0402225021569613,645.8523559570312,3322.02734375,0.8265728178954637,2.732245683670044,3.346452474594116,0.00759810209274292,-47.726028752056955,80467.1726823689,4266929.679746482,2230493.593988105,49.03166086078774,47.726028751412905,-47.726028751412905,44.53267581429572,-42.15158268600377,-47.726028751412905,49.03166086078774,1.1723813871765356,36.73676557100432,629.0205078125,3237.0966796875,0.5291817331432516,6.084003373756344,0.8270811168967556,4160751.5,2184850.25,rolling_origin_autoregressive,,,
lstm_joint_uci_v7_seed2024_sample,lstm_joint,uci,v7,2024.0,sample,strict,A,valendin_aggregate_mape_v1,2.3302693367004395,1.1561845541000366,0.759021446048134,1.2672903798368924,13.58293164811491,-13.582936192499703,64.01319141456715,8413.0,7270.267960444093,19.782990333754256,-13.58293164811491,18.38176470455769,-10.403331094093971,-13.58293164811491,19.782990333754256,19.782990333754256,0.8685781450425247,0.11463343958272965,rolling_origin_autoregressive,0.9,rolling_origin_autoregressive,662.0,522.3743591308594,287846.2421875,244632.140625,1.2672903798368924,1.1766493211075788,2.0,uci_configured_78x26,4930.0,78.0,26.0,sample,30.0,True,,large spend bias (-23.2%),120.0,120.0,,,,,1.29196390320827,1.1766493211075788,580.046630859375,3469.373779296875,0.8576396529921477,2.737928628921509,3.4491257667541504,-0.05423247814178467,-23.16953561102896,41603.68460712659,4266929.679746482,3278301.7724969415,25.350682597833675,23.16953832030996,-23.16953832030996,23.77658760686555,-19.79881499103139,-23.169538320309954,25.350682597833675,1.303733833620712,36.73676557100432,565.157958984375,3383.765869140625,0.5948650505307422,6.2881746123072375,0.8579647332806515,4160751.5,3200495.25,rolling_origin_autoregressive,,,
lstm_joint_uci_v7_seed42_sample,lstm_joint,uci,v7,42.0,sample,strict,B,valendin_aggregate_mape_v1,2.2433581352233887,1.1384601593017578,0.7526772458603336,2.161326605836765,21.128631181174505,-21.128631377778436,81.37344475090504,8413.0,6635.448258727789,25.14809893644991,-21.128631181174505,22.469123070358346,-17.23268439394815,-21.128631181174505,25.14809893644991,25.14809893644991,0.8223263748010993,0.11463343958272965,rolling_origin_autoregressive,0.75,rolling_origin_autoregressive,662.0,306.2933654785156,287846.2421875,162442.87109375,2.161326605836765,1.7719844536691085,2.0,uci_configured_78x26,4930.0,78.0,26.0,sample,30.0,False,absolute frequency bias -21.1% exceeds 15.0%,large frequency bias (-21.1%); large spend bias (-32.4%),120.0,120.0,,,,,1.2589260444792514,1.7719844536691085,558.1302490234375,3125.974609375,0.8499336988572642,2.4535672664642334,3.105652332305908,0.14527976512908936,-32.405984209488345,55100.98463818741,4266929.679746482,2884188.9532828466,33.575092821262324,32.405988151784825,-32.405988151784825,30.042686674017133,-27.924193574310646,-32.40598815178482,33.575092821262324,1.208484611739721,36.73676557100432,543.6407470703125,3044.964599609375,0.5989495289508907,6.108683036771225,0.8502529347884096,4160751.5,2819152.25,rolling_origin_autoregressive,,,
lstm_joint_uci_v7_seed7_sample,lstm_joint,uci,v7,7.0,sample,strict,A,valendin_aggregate_mape_v1,3.0415384769439697,1.1946070194244385,0.747325686779101,2.1622155885557675,13.821934895167292,-13.821934571125045,65.4254836362715,8413.0,7250.160617269576,20.21945292455793,-13.821934895167292,18.25832412004106,-10.06639684753974,-13.821934895167292,20.21945292455793,20.21945292455793,0.8470830547426235,0.11463343958272965,rolling_origin_autoregressive,0.75,rolling_origin_autoregressive,662.0,306.1674346923828,287846.2421875,155469.4765625,2.1622155885557675,1.851464664009359,2.0,uci_configured_78x26,4930.0,78.0,26.0,sample,30.0,True,,large spend bias (-23.4%),120.0,120.0,,,,,1.2498793574328304,1.851464664009359,580.7659301757812,3471.375732421875,0.8482838868345575,2.5174388885498047,3.18588924407959,0.10054457187652588,-23.44020448427845,45439.84601287207,4266929.679746482,3266752.383133059,27.688199361299727,23.44021044829705,-23.44021044829705,25.57331954664739,-18.739146777670925,-23.440210448297034,27.688199361299727,1.2678680065802528,36.73676557100432,566.1651611328125,3384.4814453125,0.5801970810572123,6.289505110824992,0.8485852729251863,4160751.5,3191024.75,rolling_origin_autoregressive,,,
lstm_joint_uci_v7_twostage_seed2024_sample,lstm_joint,uci,v7_twostage,2024.0,sample,strict,A,valendin_aggregate_mape_v1,3.660330057144165,1.2306586503982544,0.745804384168164,2.684949520154311,13.714724194630849,-13.714725118492213,84.89551762778025,8413.0,7259.180253505707,26.23657979700804,-13.714724194630849,24.292131587110156,-8.589812806016761,-13.714724194630849,26.23657979700804,26.23657979700804,0.8581988626822019,0.11463343958272965,rolling_origin_autoregressive,0.75,rolling_origin_autoregressive,662.0,246.5595703125,287846.2421875,112216.578125,2.684949520154311,2.565095523291247,2.0,uci_configured_78x26,4930.0,78.0,26.0,sample,30.0,True,,large spend bias (-32.1%),80.0,120.0,,,,,1.5252204705641288,2.565095523291247,713.10791015625,4426.3388671875,0.7894190403495404,2.6840100288391113,3.4217536449432373,-0.03756606578826904,-32.10819396008301,62299.231749153456,4266929.679746482,2896895.609240667,37.96125427532775,32.10819425988794,-32.10819425988794,34.99076448894278,-25.17099741760299,-32.10819425988792,37.96125427532775,1.2796010848371326,36.73676557100432,695.6976318359375,4318.13134765625,0.5701039964859936,5.796368481976161,0.7894367832166309,4160751.5,2836905.5,rolling_origin_autoregressive,,,
lstm_joint_uci_v7_twostage_seed42_sample,lstm_joint,uci,v7_twostage,42.0,sample,strict,B,valendin_aggregate_mape_v1,2.7463278770446777,1.1848291158676147,0.7467468918855112,2.4374259738196344,23.215593422591354,-23.21558827298526,91.2448922498868,8413.0,6459.872125357389,28.19882560914129,-23.215593422591354,25.845806673923725,-19.30548680371037,-23.215593422591354,28.19882560914129,28.19882560914129,0.8094400262969055,0.11463343958272965,rolling_origin_autoregressive,0.75,rolling_origin_autoregressive,662.0,271.5979919433594,287846.2421875,121743.125,2.4374259738196344,2.3643736940997693,2.0,uci_configured_78x26,4930.0,78.0,26.0,sample,30.0,False,absolute frequency bias -23.2% exceeds 15.0%,large frequency bias (-23.2%); large spend bias (-37.8%),80.0,120.0,,,,,1.5148046917825415,2.3643736940997693,698.6748657226562,4458.61181640625,0.7845186474508504,2.663708209991455,3.373795509338379,-0.008685469627380371,-37.8016088618291,67446.4307568323,4266929.679746482,2653961.679192718,41.09763533252861,37.80160728239603,-37.80160728239603,37.35299431611309,-31.766093331577338,-37.80160728239603,41.09763533252861,1.2355047278810667,36.73676557100432,681.6771240234375,4349.9951171875,0.564085268786878,5.865457180725974,0.7845700747332842,4160751.5,2598768.0,rolling_origin_autoregressive,,,
lstm_joint_uci_v7_twostage_seed7_sample,lstm_joint,uci,v7_twostage,7.0,sample,strict,A,valendin_aggregate_mape_v1,3.1676619052886963,1.2129930257797241,0.7404116043002389,2.5230355168709937,11.66514023601775,-11.665145273683585,65.58803186279077,8413.0,7431.611751943827,20.26968772652514,-11.66514023601775,18.863268128015065,-7.796718759213163,-11.66514023601775,20.26968772652514,20.26968772652514,0.853718602715036,0.11463343958272965,rolling_origin_autoregressive,0.75,rolling_origin_autoregressive,662.0,262.3823547363281,287846.2421875,117977.84375,2.5230355168709937,2.4398330486312183,2.0,uci_configured_78x26,4930.0,78.0,26.0,sample,30.0,True,,large spend bias (-29.4%),80.0,120.0,,,,,1.5063832598534121,2.4398330486312183,707.71044921875,4407.7958984375,0.7822666441497017,2.679487943649292,3.427821636199951,-0.04124927520751953,-29.39286318182665,57048.43767635593,4266929.679746482,3012756.8546654577,34.761748866538184,29.39286370324107,-29.39286370324107,31.69136152723394,-23.103119309424393,-29.39286370324105,34.761748866538184,1.285454142877336,36.73676557100432,690.5291137695312,4300.57373046875,0.5545631897738694,5.843571921794941,0.7825446362200728,4160751.5,2947631.5,rolling_origin_autoregressive,,,
transformer_joint_uci_v6b_seed2024_sample,transformer_joint,uci,v6b,2024.0,sample,strict,B,valendin_aggregate_mape_v1,2.977773904800415,1.215201735496521,0.7413234421794747,1.8488998289595897,29.643862873792266,-29.64386635638298,108.2157624935588,8413.0,5919.061816427857,33.44359710962236,-29.643862873792266,28.95821018266862,-24.313461836773833,-29.643862873792266,33.44359710962236,33.44359710962236,0.7746771264146105,0.11463343958272965,rolling_origin_autoregressive,0.75,rolling_origin_autoregressive,662.0,358.05076599121094,287846.2421875,195257.3203125,1.8488998289595897,1.4741892479463299,2.0,uci_configured_78x26,4930.0,78.0,26.0,sample,30.0,False,absolute frequency bias -29.6% exceeds 15.0%,large frequency bias (-29.6%); large spend bias (-37.7%),100.0,100.0,,,,,1.18373248346037,1.4741892479463299,566.6021118164062,2967.730224609375,0.8094869232433625,1.970292329788208,3.0273091793060303,0.18785828351974487,-37.66610158428912,68190.72287652272,4266929.679746482,2659743.5124327512,41.55116038600689,37.66610391876017,-37.66610391876017,37.72799679669765,-31.33124399796446,-37.666103918760165,41.55116038600689,1.1608682588323527,36.73676557100432,552.0762939453125,2893.758056640625,0.5852266135297786,6.190079224883028,0.8098122144436319,4160751.5,2603836.5,rolling_origin_autoregressive,,,
transformer_joint_uci_v6b_seed42_sample,transformer_joint,uci,v6b,42.0,sample,strict,A,valendin_aggregate_mape_v1,2.866938591003418,1.2917333841323853,0.7491732823899458,2.0016230810803277,5.223964154454626,-5.223965143230715,71.48552298918366,8413.0,7973.507895685732,22.092280966584752,-5.223964154454626,21.096824755134755,-1.0597873600515773,-5.223964154454626,22.092280966584752,22.092280966584752,0.8625648098471806,0.11463343958272965,rolling_origin_autoregressive,0.75,rolling_origin_autoregressive,662.0,330.7315979003906,287846.2421875,171730.890625,2.0016230810803277,1.6761471459206205,2.0,uci_configured_78x26,4930.0,78.0,26.0,sample,30.0,True,,large spend bias (-21.4%),98.0,100.0,,,,,1.2026663615460833,1.6761471459206205,603.8713989257812,3161.483154296875,0.8251497364432439,1.994524359703064,3.010688304901123,0.19675153493881226,-21.44237442873148,45520.575508011025,4266929.679746482,3351998.633342256,27.73739086505419,21.442374612993063,-21.442374612993063,25.354091688188685,-15.598353796357472,-21.442374612993046,27.73739086505419,1.2681168156090745,36.73676557100432,588.8323364257812,3082.953369140625,0.5923580272450686,6.217584233748903,0.8254838413926976,4160751.5,3277702.0,rolling_origin_autoregressive,,,
transformer_joint_uci_v6b_seed7_sample,transformer_joint,uci,v6b,7.0,sample,strict,B,valendin_aggregate_mape_v1,2.756423234939575,1.1892223358154297,0.7349738026827786,1.979396675184698,42.28669967005089,-42.28670008469036,140.2792457456772,8413.0,4855.419956758618,43.35267311764659,-42.28669967005089,39.65003781277662,-38.316275292114035,-42.28669967005089,43.35267311764659,43.35267311764659,0.7417290916250165,0.11463343958272965,rolling_origin_autoregressive,0.75,rolling_origin_autoregressive,662.0,334.4453430175781,287846.2421875,166585.15625,1.979396675184698,1.7279225152301048,2.0,uci_configured_78x26,4930.0,78.0,26.0,sample,30.0,False,absolute frequency bias -42.3% exceeds 15.0%,large frequency bias (-42.3%); large spend bias (-47.6%),94.0,100.0,,,,,1.1959527227184559,1.7279225152301048,574.388916015625,3269.42431640625,0.8048807577431555,1.9740118980407715,3.031316041946411,0.1857069730758667,-47.63771583289576,79694.63355596176,4266929.679746482,2234261.8277267623,48.56092384860011,47.637716217073674,-47.637716217073674,43.89248611350152,-42.470133911747574,-47.637716217073674,48.56092384860011,1.1238591076295552,36.73676557100432,559.33984375,3186.084228515625,0.584240689030441,6.1274840826813115,0.8052876699467059,4160751.5,2188886.75,rolling_origin_autoregressive,,,
transformer_joint_uci_v7_seed2024_sample,transformer_joint,uci,v7,2024.0,sample,strict,B,valendin_aggregate_mape_v1,3.753551483154297,1.2847700119018555,0.7474503976806526,1.8949506238641882,18.80826224091078,-18.80825944594675,90.30737914374241,8413.0,6830.660897672176,27.90909137926189,-18.80826224091078,25.09130539948627,-13.721744812999848,-18.80826224091078,27.90909137926189,27.90909137926189,0.8052646683046154,0.11463343958272965,rolling_origin_autoregressive,0.75,rolling_origin_autoregressive,662.0,349.34947204589844,287846.2421875,175044.9453125,1.8949506238641882,1.644413334378898,2.0,uci_configured_78x26,4930.0,78.0,26.0,sample,30.0,False,absolute frequency bias -18.8% exceeds 15.0%,large frequency bias (-18.8%); large spend bias (-32.8%),120.0,120.0,,,,,1.2171008731091348,1.644413334378898,591.8995971679688,3460.91748046875,0.8222082300397701,2.053112030029297,2.951211929321289,0.22817456722259521,-32.755439245012134,61438.10027817603,4266929.679746482,2869278.186410378,37.436534630856286,32.755437708997924,-32.755437708997924,34.3196799423098,-26.33367860281975,-32.75543770899791,37.436534630856286,1.191242945955028,36.73676557100432,577.0316772460938,3376.4853515625,0.5916525593861407,6.153029959003655,0.8226786854714953,4160751.5,2807699.0,rolling_origin_autoregressive,,,
transformer_joint_uci_v7_seed42_sample,transformer_joint,uci,v7,42.0,sample,strict,A,valendin_aggregate_mape_v1,3.4620957374572754,1.3069084882736206,0.7504021729973505,1.8922149869851654,8.64451008375159,-8.644510820307858,70.51217470002862,8413.0,7685.737366653979,21.791472033766127,-8.64451008375159,20.732331290686616,-4.865820319872604,-8.64451008375159,21.791472033766127,21.791472033766127,0.8396387314294981,0.11463343958272965,rolling_origin_autoregressive,0.75,rolling_origin_autoregressive,662.0,349.8545379638672,287846.2421875,175053.03125,1.8922149869851654,1.6443373766913847,2.0,uci_configured_78x26,4930.0,78.0,26.0,sample,30.0,True,,large spend bias (-22.7%),120.0,120.0,,,,,1.2097636847067892,1.6443373766913847,611.7906494140625,3446.808837890625,0.8316151167711506,2.1372241973876953,2.9593358039855957,0.22391951084136963,-22.670306598691166,46878.6264340152,4266929.679746482,3299603.4851769563,28.564902137239166,22.670310203635665,-22.670310203635665,26.330326432176353,-17.460594799175706,-22.670310203635665,28.564902137239166,1.253396132184635,36.73676557100432,596.5572509765625,3362.102783203125,0.5965755813061397,6.148807966489048,0.8319264724737265,4160751.5,3224482.25,rolling_origin_autoregressive,,,
transformer_joint_uci_v7_seed7_sample,transformer_joint,uci,v7,7.0,sample,strict,B,valendin_aggregate_mape_v1,3.071601152420044,1.2343202829360962,0.7534955014130243,1.8133798567974004,26.99185600527526,-26.99185435672471,98.61220865725325,8413.0,6142.175154276192,30.475661774498803,-26.99185600527526,27.47856464969952,-22.894548375554503,-26.99185600527526,30.475661774498803,30.475661774498803,0.7631154314198971,0.11463343958272965,rolling_origin_autoregressive,0.75,rolling_origin_autoregressive,662.0,365.0641632080078,287846.2421875,180240.328125,1.8133798567974004,1.5970135273381953,2.0,uci_configured_78x26,4930.0,78.0,26.0,sample,30.0,False,absolute frequency bias -27.0% exceeds 15.0%,large frequency bias (-27.0%); large spend bias (-36.9%),120.0,120.0,,,,,1.2175807309501478,1.5970135273381953,583.4942016601562,3354.1884765625,0.8245359367264032,1.9982292652130127,2.9090967178344727,0.2500460147857666,-36.91579624177058,64279.23083847265,4266929.679746482,2691758.609374968,39.16774184803501,36.91579633590545,-36.91579633590545,35.084836549047374,-31.308861692150053,-36.91579633590544,39.16774184803501,1.1584298146016632,36.73676557100432,568.6472778320312,3271.045166015625,0.5993959194609587,6.157364345653674,0.8248663091960415,4160751.5,2634317.0,rolling_origin_autoregressive,,,
transformer_joint_uci_v7_twostage_seed2024_sample,transformer_joint,uci,v7_twostage,2024.0,sample,strict,A,valendin_aggregate_mape_v1,3.813877820968628,1.2921162843704224,0.7542929827377634,2.1874921753427103,14.071015313464311,-14.07102011024605,85.58254455889647,8413.0,7229.205481678247,26.44890239547496,-14.071015313464311,24.248957969647662,-8.863798214953183,-14.071015313464311,26.44890239547496,26.44890239547496,0.8256472445741334,0.11463343958272965,rolling_origin_autoregressive,0.75,rolling_origin_autoregressive,662.0,302.62965393066406,287846.2421875,137541.6875,2.1874921753427103,2.092792719207404,2.0,uci_configured_78x26,4930.0,78.0,26.0,sample,30.0,True,,large spend bias (-28.4%),80.0,120.0,,,,,1.4849290718303696,2.092792719207404,710.8164672851562,4349.5634765625,0.8011843292816528,2.1108264923095703,3.0518712997436523,0.1746261715888977,-28.4132536054322,55651.28898690204,4266929.679746482,3054556.0653723157,33.910413863333744,28.41325508898939,-28.41325508898939,30.87867169904231,-21.695481481033138,-28.41325508898938,33.910413863333744,1.262438297424773,36.73676557100432,693.5507202148438,4244.369140625,0.5863289372016214,5.869737739430991,0.8015654611789547,4160751.5,2988892.0,rolling_origin_autoregressive,,,
transformer_joint_uci_v7_twostage_seed42_sample,transformer_joint,uci,v7_twostage,42.0,sample,strict,A,valendin_aggregate_mape_v1,4.19489049911499,1.377981185913086,0.7483344492108299,2.2321318019122884,6.388405306623649,-6.388399556489956,68.7163769336274,8413.0,7875.543461553752,21.236488770644392,-6.388405306623649,20.214804118950504,-2.372574936839061,-6.388405306623649,21.236488770644392,21.236488770644392,0.8502928460458132,0.11463343958272965,rolling_origin_autoregressive,0.75,rolling_origin_autoregressive,662.0,296.5774688720703,287846.2421875,130421.6328125,2.2321318019122884,2.2070436934440214,2.0,uci_configured_78x26,4930.0,78.0,26.0,sample,30.0,True,,large spend bias (-21.1%),80.0,120.0,,,,,1.3930300835798302,2.2070436934440214,742.630859375,4354.6865234375,0.7932713230307135,2.157818555831909,3.1285035610198975,0.1326555609703064,-21.148685489179044,47722.93067942912,4266929.679746482,3364530.0228226283,29.079368323193894,21.148688275956523,-21.148688275956523,27.094504487023364,-15.223252198569154,-21.148688275956516,29.079368323193894,1.3085546363266565,36.73676557100432,724.6509399414062,4249.4404296875,0.5746172155221361,5.842866206419633,0.7936546268126208,4160751.5,3290065.5,rolling_origin_autoregressive,,,
transformer_joint_uci_v7_twostage_seed7_sample,transformer_joint,uci,v7_twostage,7.0,sample,strict,B,valendin_aggregate_mape_v1,3.1071813106536865,1.2504690885543823,0.7427100727448585,2.1425350082489274,31.091465388043776,-31.091466749747415,110.7483029033129,8413.0,5797.275016903877,34.226267389589154,-31.091465388043776,30.938921761049464,-26.80517991291428,-31.091465388043776,34.226267389589154,34.226267389589154,0.7566891087464971,0.11463343958272965,rolling_origin_autoregressive,0.75,rolling_origin_autoregressive,662.0,308.9797821044922,287846.2421875,139688.0625,2.1425350082489274,2.0606359415107502,2.0,uci_configured_78x26,4930.0,78.0,26.0,sample,30.0,False,absolute frequency bias -31.1% exceeds 15.0%,large frequency bias (-31.1%); large spend bias (-43.9%),80.0,120.0,,,,,1.452081904398349,2.0606359415107502,690.1864624023438,4479.8349609375,0.7870820963005489,2.0953307151794434,3.0160813331604004,0.19387131929397583,-43.87295360750629,75036.43117706655,4266929.679746482,2394901.395544877,45.72250674446656,43.87295841990137,-43.87295841990137,41.010400228062124,-37.8045507706421,-43.87295841990137,45.72250674446656,1.175009920781799,36.73676557100432,673.1117553710938,4370.72802734375,0.5775287834945668,5.859303616738214,0.787625713464894,4160751.5,2345082.5,rolling_origin_autoregressive,,,
lstm_base_cdnow_valendin_master_39x39_seed42,lstm_base_cdnow_valendin_master_39x39,unknown,,42.0,,strict,A,valendin_aggregate_mape_v1,2.227632999420166,0.8259986042976379,0.609081294045015,2.062810248912265,62.188868665213434,-62.18886822280917,327.8947965032779,20563.0,7775.102936372161,62.188868665213434,-62.188868665213434,61.328290922775686,-61.328290922775686,-62.188868665213434,62.188868665213434,62.188868665213434,0.299092771417357,0.09752295632698768,rolling_origin_autoregressive,0.75,rolling_origin_autoregressive,1054.0,337.2130432128906,0.0,0.0,2.062810248912265,1.0,2.0,valendin_cdnow_master_39x39,23500.0,39.0,39.0,sample,50.0,True,,,103.0,300.0,True,5.0,0.1,4.0,,,,,,,,,,,,,,,,,,,,,,,,,,,,,,,,
